threshold_km,seed_index,split_seed,anchor,condition,support_improvement_mm_day,ci95_low_mm_day,ci95_high_mm_day,stations,groups,rows,gain_station_macro_mae_mm_day,support_station_macro_mae_mm_day
5,0,20260924,False,clean,0.005839624261,-0.001120492768,0.01528031719,101,71,7842,0.8162966923,0.810457068
5,0,20260924,False,temperature_fahrenheit_as_celsius,0.7281766631,0.589022526,0.8822254296,101,71,7842,1.582679318,0.8545026548
5,0,20260924,False,temperature_plus10,0.0554564106,0.03030340099,0.08162241413,101,71,7842,0.9546441107,0.8991877001
5,0,20260924,False,temperature_plus20,0.2844002893,0.2059091309,0.3636210345,101,71,7842,1.146791291,0.8623910016
5,0,20260924,False,temperature_plus32,0.5298523115,0.4178385983,0.6446888639,101,71,7842,1.384279422,0.8544271103
5,0,20260924,False,temperature_plus5,0.007256189711,-0.003443988208,0.01975228543,101,71,7842,0.8538953325,0.8466391428
5,0,20260924,False,vpd_x10,2.593050555,1.977204359,3.295896642,101,71,7842,3.447540429,0.8544898735
5,0,20260924,False,wind_x0,0.1663959552,0.07105180709,0.2711480603,101,71,7842,1.027371963,0.8609760079
5,0,20260924,False,wind_x0.447,0.01977134252,0.005781252773,0.03551988914,101,71,7842,0.9206881933,0.9009168507
5,0,20260924,False,wind_x10,0.5918390924,0.4414629333,0.7406606477,101,71,7842,1.446671528,0.854832436
5,0,20260924,False,wind_x2.237,0.05879727264,0.01298711423,0.1043018879,101,71,7842,0.9394925878,0.8806953151
5,0,20260924,False,wind_x3.6,0.1919957929,0.1063296112,0.2796193439,101,71,7842,1.059740854,0.8677450608
5,0,20260924,False,wind_x5,0.2877690858,0.1869256288,0.3947507545,101,71,7842,1.146514908,0.8587458224
5,1,20260925,False,clean,0.004167764678,-0.001023908848,0.01093814816,101,71,7842,0.8163030592,0.8121352945
5,1,20260925,False,temperature_fahrenheit_as_celsius,0.7862301666,0.6656730863,0.9145821978,101,71,7842,1.640732821,0.8545026548
5,1,20260925,False,temperature_plus10,0.0598075335,0.03046382276,0.08678377656,101,71,7842,0.9552531429,0.8954456094
5,1,20260925,False,temperature_plus20,0.3351567259,0.2650044085,0.4022504615,101,71,7842,1.192907259,0.8577505327
5,1,20260925,False,temperature_plus32,0.5865921348,0.4902168853,0.6842196993,101,71,7842,1.441019245,0.8544271103
5,1,20260925,False,temperature_plus5,0.01069854301,-0.0002854298446,0.0222515468,101,71,7842,0.8600281735,0.8493296305
5,1,20260925,False,vpd_x10,2.410174087,2.009619459,2.794121485,101,71,7842,3.264682518,0.8545084312
5,1,20260925,False,wind_x0,0.161951595,0.073828731,0.2490274281,101,71,7842,1.021277486,0.8593258911
5,1,20260925,False,wind_x0.447,0.01594630116,0.003189954088,0.02898417128,101,71,7842,0.9304523365,0.9145060353
5,1,20260925,False,wind_x10,0.5978010223,0.4601001077,0.7341911235,101,71,7842,1.452532306,0.8547312835
5,1,20260925,False,wind_x2.237,0.04657235129,0.005139953604,0.08438133419,101,71,7842,0.9258242313,0.87925188
5,1,20260925,False,wind_x3.6,0.1775264446,0.0991324394,0.2523809305,101,71,7842,1.040857517,0.8633310727
5,1,20260925,False,wind_x5,0.2969868636,0.2034923074,0.3886506238,101,71,7842,1.156708547,0.8597216836
5,2,20260926,False,clean,0.001711397938,-0.002913953457,0.007476506213,101,71,7842,0.8070420138,0.8053306159
5,2,20260926,False,temperature_fahrenheit_as_celsius,0.6846494733,0.5442081172,0.8339709796,101,71,7842,1.539152128,0.8545026548
5,2,20260926,False,temperature_plus10,0.07115577601,0.03982056788,0.1021866545,101,71,7842,0.9657127358,0.8945569598
5,2,20260926,False,temperature_plus20,0.2960908866,0.2174632816,0.3724085262,101,71,7842,1.155426589,0.8593357026
5,2,20260926,False,temperature_plus32,0.5207646337,0.417221997,0.6304943622,101,71,7842,1.375191744,0.8544271103
5,2,20260926,False,temperature_plus5,0.005811115501,-0.00478910019,0.01901053751,101,71,7842,0.8590699106,0.8532587951
5,2,20260926,False,vpd_x10,2.701802309,2.060389047,3.375622401,101,71,7842,3.556317061,0.8545147526
5,2,20260926,False,wind_x0,0.1729392121,0.07742665008,0.2719528086,101,71,7842,1.032720916,0.8597817044
5,2,20260926,False,wind_x0.447,0.01782554488,0.004790960385,0.03255200528,101,71,7842,0.93352165,0.9156961052
5,2,20260926,False,wind_x10,0.5652760739,0.4159153137,0.7248776456,101,71,7842,1.42000039,0.8547243162
5,2,20260926,False,wind_x2.237,0.04248223913,-0.008825841573,0.09423345949,101,71,7842,0.9256288993,0.8831466601
5,2,20260926,False,wind_x3.6,0.1900805774,0.1050330347,0.2785902357,101,71,7842,1.056121989,0.8660414113
5,2,20260926,False,wind_x5,0.286169504,0.1812459832,0.396963831,101,71,7842,1.145142063,0.8589725585
5,3,20260927,False,clean,-0.001284895532,-0.00697196195,0.003670109036,101,71,7842,0.812824015,0.8141089106
5,3,20260927,False,temperature_fahrenheit_as_celsius,0.7154391859,0.5681932814,0.8760432198,101,71,7842,1.569941841,0.8545026548
5,3,20260927,False,temperature_plus10,0.06189583719,0.03426393341,0.09023569358,101,71,7842,0.9579630847,0.8960672475
5,3,20260927,False,temperature_plus20,0.293629737,0.2317274874,0.3571627697,101,71,7842,1.155542527,0.8619127904
5,3,20260927,False,temperature_plus32,0.5109172243,0.4007324751,0.623865924,101,71,7842,1.365344335,0.8544271103
5,3,20260927,False,temperature_plus5,0.007429314345,-0.002139797793,0.01998168328,101,71,7842,0.859436987,0.8520076727
5,3,20260927,False,vpd_x10,2.716233034,2.111082926,3.385901385,101,71,7842,3.570739694,0.85450666
5,3,20260927,False,wind_x0,0.1722469695,0.07639053161,0.2867665565,101,71,7842,1.032485731,0.8602387613
5,3,20260927,False,wind_x0.447,0.02074806953,0.007670066738,0.03577643514,101,71,7842,0.9236097411,0.9028616716
5,3,20260927,False,wind_x10,0.4994059519,0.3841985284,0.643845887,101,71,7842,1.354062743,0.8546567915
5,3,20260927,False,wind_x2.237,0.05047474725,0.00940627954,0.08787564491,101,71,7842,0.929060196,0.8785854488
5,3,20260927,False,wind_x3.6,0.1802709975,0.1026020799,0.2605500001,101,71,7842,1.04730854,0.8670375426
5,3,20260927,False,wind_x5,0.2548804551,0.1642718438,0.356580318,101,71,7842,1.1162392,0.8613587446
5,4,20260928,False,clean,0.005056024007,-0.001699687044,0.01339459398,101,71,7842,0.8189680521,0.8139120281
5,4,20260928,False,temperature_fahrenheit_as_celsius,0.8053989177,0.6632279455,0.9563180721,101,71,7842,1.659869674,0.8544707566
5,4,20260928,False,temperature_plus10,0.08830472489,0.0520459145,0.123975128,101,71,7842,0.984405568,0.8961008431
5,4,20260928,False,temperature_plus20,0.3408868147,0.2571164501,0.418055135,101,71,7842,1.201875788,0.8609889737
5,4,20260928,False,temperature_plus32,0.6168267539,0.5084296597,0.7258905889,101,71,7842,1.471253864,0.8544271103
5,4,20260928,False,temperature_plus5,0.009991869769,-0.00321242951,0.0248357005,101,71,7842,0.8654295534,0.8554376837
5,4,20260928,False,vpd_x10,3.075928026,2.487342641,3.705665278,101,71,7842,3.930436006,0.8545079798
5,4,20260928,False,wind_x0,0.1976165774,0.106207996,0.294983637,101,71,7842,1.057489247,0.8598726701
5,4,20260928,False,wind_x0.447,0.01775032906,0.005807478091,0.03090688818,101,71,7842,0.9477349296,0.9299846006
5,4,20260928,False,wind_x10,0.602374368,0.4671130989,0.7461634526,101,71,7842,1.457103335,0.854728967
5,4,20260928,False,wind_x2.237,0.06281625667,0.01207612465,0.1127165646,101,71,7842,0.9499731862,0.8871569296
5,4,20260928,False,wind_x3.6,0.2176417384,0.1306773372,0.3103377638,101,71,7842,1.081350802,0.8637090633
5,4,20260928,False,wind_x5,0.3224368472,0.2214517649,0.4292804811,101,71,7842,1.183623741,0.8611868936
5,5,20260929,False,clean,0.007701708898,-0.0005841291871,0.01900670501,101,71,7842,0.8252626734,0.8175609645
5,5,20260929,False,temperature_fahrenheit_as_celsius,0.7692008476,0.6421764634,0.909692782,101,71,7842,1.623703502,0.8545026548
5,5,20260929,False,temperature_plus10,0.07729587897,0.04671245756,0.1084289902,101,71,7842,0.9833410546,0.9060451756
5,5,20260929,False,temperature_plus20,0.359160653,0.2807972122,0.4427478678,101,71,7842,1.222238335,0.8630776821
5,5,20260929,False,temperature_plus32,0.6054660977,0.5055200451,0.7133029245,101,71,7842,1.459893208,0.8544271103
5,5,20260929,False,temperature_plus5,0.01311648488,0.0006361577366,0.02626647214,101,71,7842,0.8633747414,0.8502582565
5,5,20260929,False,vpd_x10,2.781044063,2.252404174,3.337235552,101,71,7842,3.635473768,0.8544297058
5,5,20260929,False,wind_x0,0.1826610855,0.08453047387,0.2828063262,101,71,7842,1.043730787,0.8610697012
5,5,20260929,False,wind_x0.447,0.01880666049,0.005986027906,0.03303700061,101,71,7842,0.9210697458,0.9022630853
5,5,20260929,False,wind_x10,0.6368028883,0.5011971882,0.7818163466,101,71,7842,1.49157777,0.8547748819
5,5,20260929,False,wind_x2.237,0.06140349926,0.01414647367,0.1083897544,101,71,7842,0.9419336449,0.8805301456
5,5,20260929,False,wind_x3.6,0.2195596671,0.1335271954,0.3070654912,101,71,7842,1.08501742,0.865457753
5,5,20260929,False,wind_x5,0.3316288915,0.2299981628,0.4403177627,101,71,7842,1.192468989,0.8608400973
5,6,20260930,False,clean,0.009827922785,-0.0001676113048,0.02277546002,101,71,7842,0.8235063404,0.8136784176
5,6,20260930,False,temperature_fahrenheit_as_celsius,0.8288909937,0.6880599482,0.9766845294,101,71,7842,1.683393649,0.8545026548
5,6,20260930,False,temperature_plus10,0.08267674396,0.04958692667,0.1175635794,101,71,7842,0.9794568494,0.8967801054
5,6,20260930,False,temperature_plus20,0.3549696198,0.2730784292,0.4353193709,101,71,7842,1.215510643,0.8605410229
5,6,20260930,False,temperature_plus32,0.6087135587,0.4965403034,0.7173037351,101,71,7842,1.463140669,0.8544271103
5,6,20260930,False,temperature_plus5,0.01468280101,-0.001183808321,0.03232783424,101,71,7842,0.859446399,0.844763598
5,6,20260930,False,vpd_x10,3.14230195,2.556390112,3.804568587,101,71,7842,3.996816703,0.8545147526
5,6,20260930,False,wind_x0,0.1956542777,0.09705387741,0.2997746566,101,71,7842,1.056624632,0.8609703539
5,6,20260930,False,wind_x0.447,0.01888713715,0.006239885133,0.03363587367,101,71,7842,0.9274667709,0.9085796337
5,6,20260930,False,wind_x10,0.6322494322,0.4934146698,0.7761509781,101,71,7842,1.486924507,0.8546750744
5,6,20260930,False,wind_x2.237,0.06373795147,0.01158250755,0.1152997439,101,71,7842,0.9417997226,0.8780617711
5,6,20260930,False,wind_x3.6,0.2303316396,0.1426703068,0.3183981125,101,71,7842,1.094030983,0.8636993439
5,6,20260930,False,wind_x5,0.3561158367,0.2511694874,0.4626600266,101,71,7842,1.214665677,0.8585498401
5,7,20260931,False,clean,-0.0005727672164,-0.006405276842,0.005042554876,101,71,7842,0.8117603503,0.8123331175
5,7,20260931,False,temperature_fahrenheit_as_celsius,0.7197144382,0.5846100198,0.8638252338,101,71,7842,1.574185195,0.8544707566
5,7,20260931,False,temperature_plus10,0.06048629581,0.03463531106,0.08913944723,101,71,7842,0.9535532718,0.893066976
5,7,20260931,False,temperature_plus20,0.2975451924,0.2278874464,0.3713012699,101,71,7842,1.157564958,0.860019766
5,7,20260931,False,temperature_plus32,0.5386113912,0.4404498617,0.6457614545,101,71,7842,1.393038502,0.8544271103
5,7,20260931,False,temperature_plus5,0.003709599642,-0.005426068484,0.01258845489,101,71,7842,0.8533336657,0.8496240661
5,7,20260931,False,vpd_x10,2.246486467,1.761475296,2.785121896,101,71,7842,3.100969117,0.8544826492
5,7,20260931,False,wind_x0,0.1616585267,0.06675638114,0.2626340985,101,71,7842,1.019782113,0.8581235863
5,7,20260931,False,wind_x0.447,0.0114070004,0.0004102204571,0.0238749335,101,71,7842,0.9195526747,0.9081456743
5,7,20260931,False,wind_x10,0.5180754703,0.3876074812,0.6615572408,101,71,7842,1.372757545,0.8546820746
5,7,20260931,False,wind_x2.237,0.04438367211,0.01181012005,0.07780407453,101,71,7842,0.9235268762,0.8791432041
5,7,20260931,False,wind_x3.6,0.1678197879,0.09668615406,0.2410540314,101,71,7842,1.034568853,0.8667490656
5,7,20260931,False,wind_x5,0.2622822225,0.1761913709,0.3537152382,101,71,7842,1.122019946,0.8597377238
5,8,20260932,False,clean,-0.0001372246349,-0.006430698651,0.006029687214,101,71,7842,0.8064537801,0.8065910048
5,8,20260932,False,temperature_fahrenheit_as_celsius,0.7490446013,0.6024178439,0.9053855571,101,71,7842,1.603515358,0.8544707566
5,8,20260932,False,temperature_plus10,0.05800263329,0.03192049356,0.0846784433,101,71,7842,0.9595436234,0.9015409901
5,8,20260932,False,temperature_plus20,0.2925983804,0.2154790047,0.3650999078,101,71,7842,1.153873533,0.8612751525
5,8,20260932,False,temperature_plus32,0.5388117412,0.4285042433,0.6463339628,101,71,7842,1.393238852,0.8544271103
5,8,20260932,False,temperature_plus5,0.0003772730633,-0.008479079427,0.009228000701,101,71,7842,0.8548218872,0.8544446141
5,8,20260932,False,vpd_x10,2.589071366,1.954042125,3.282805075,101,71,7842,3.443603273,0.8545319074
5,8,20260932,False,wind_x0,0.1715117161,0.07351672501,0.27545415,101,71,7842,1.030236433,0.8587247169
5,8,20260932,False,wind_x0.447,0.01856379438,0.006345012496,0.03255152849,101,71,7842,0.9321388052,0.9135750108
5,8,20260932,False,wind_x10,0.5688523026,0.4248700274,0.7220750976,101,71,7842,1.423505097,0.8546527944
5,8,20260932,False,wind_x2.237,0.04389576851,-0.01557877025,0.09495805481,101,71,7842,0.9264405493,0.8825447808
5,8,20260932,False,wind_x3.6,0.1956049592,0.1076385281,0.2801075474,101,71,7842,1.063415219,0.8678102595
5,8,20260932,False,wind_x5,0.279503847,0.1760366481,0.3856720696,101,71,7842,1.138901314,0.8593974665
5,9,20260933,False,clean,0.001824499354,-0.001056066222,0.005169686342,101,71,7842,0.8193337022,0.8175092028
5,9,20260933,False,temperature_fahrenheit_as_celsius,0.6702580872,0.5299345315,0.8260721742,101,71,7842,1.524760742,0.8545026548
5,9,20260933,False,temperature_plus10,0.06477322659,0.03630094034,0.09500814209,101,71,7842,0.9563937971,0.8916205705
5,9,20260933,False,temperature_plus20,0.303549834,0.2271728247,0.384889988,101,71,7842,1.164866966,0.861317132
5,9,20260933,False,temperature_plus32,0.5187506117,0.411875491,0.6425829295,101,71,7842,1.373177722,0.8544271103
5,9,20260933,False,temperature_plus5,0.008151900843,-0.003846889344,0.02223153155,101,71,7842,0.8699678964,0.8618159956
5,9,20260933,False,vpd_x10,2.426740683,1.866760189,3.091696237,101,71,7842,3.281138543,0.8543978599
5,9,20260933,False,wind_x0,0.1847004157,0.08929822228,0.2918717308,101,71,7842,1.044281007,0.859580591
5,9,20260933,False,wind_x0.447,0.01066140875,-0.001241574778,0.02450661891,101,71,7842,0.9188833995,0.9082219907
5,9,20260933,False,wind_x10,0.4977201603,0.3714928281,0.6447305485,101,71,7842,1.352484811,0.8547646509
5,9,20260933,False,wind_x2.237,0.07114825198,0.03294398867,0.1113993672,101,71,7842,0.9547964745,0.8836482225
5,9,20260933,False,wind_x3.6,0.1980858515,0.1205602426,0.2864921376,101,71,7842,1.066358671,0.8682728199
5,9,20260933,False,wind_x5,0.2693185383,0.1755485117,0.3759096881,101,71,7842,1.126385155,0.857066617
10,0,20260924,True,clean,0.005152305734,-0.003902495361,0.01504639877,101,64,7842,0.8058158973,0.8006635915
10,0,20260924,True,temperature_fahrenheit_as_celsius,0.8393772864,0.6805829515,1.020293288,101,64,7842,1.693848043,0.8544707566
10,0,20260924,True,temperature_plus10,0.06774540728,0.04096055829,0.09498101439,101,64,7842,0.9610951078,0.8933497005
10,0,20260924,True,temperature_plus20,0.3444523064,0.2642722618,0.4347808354,101,64,7842,1.206492875,0.8620405689
10,0,20260924,True,temperature_plus32,0.6212377145,0.5041392956,0.7550678441,101,64,7842,1.475664825,0.8544271103
10,0,20260924,True,temperature_plus5,0.01113782063,-0.000593672126,0.02299218659,101,64,7842,0.8568424671,0.8457046464
10,0,20260924,True,vpd_x10,2.854124302,2.236628083,3.572270643,101,64,7842,3.708532423,0.8544081218
10,0,20260924,True,wind_x0,0.1878665663,0.08836090352,0.2956081017,101,64,7842,1.045915391,0.8580488249
10,0,20260924,True,wind_x0.447,0.02469679804,0.01141084661,0.03876239367,101,64,7842,0.9349426313,0.9102458333
10,0,20260924,True,wind_x10,0.619615624,0.4700681464,0.7719122153,101,64,7842,1.474381691,0.8547660669
10,0,20260924,True,wind_x2.237,0.07794798403,0.02781375886,0.1208544727,101,64,7842,0.9604519784,0.8825039944
10,0,20260924,True,wind_x3.6,0.2317910851,0.144396646,0.3169872811,101,64,7842,1.094133436,0.8623423513
10,0,20260924,True,wind_x5,0.3353688959,0.2307506001,0.4396762549,101,64,7842,1.194843257,0.8594743607
10,1,20260925,False,clean,0.00343193224,-0.002469061773,0.009999739302,101,64,7842,0.8104972358,0.8070653036
10,1,20260925,False,temperature_fahrenheit_as_celsius,0.6099358127,0.4836156589,0.7574854666,101,64,7842,1.464438468,0.8545026548
10,1,20260925,False,temperature_plus10,0.06872721589,0.04033794943,0.09290584455,101,64,7842,0.9602419975,0.8915147816
10,1,20260925,False,temperature_plus20,0.3114464273,0.2391190086,0.3863635563,101,64,7842,1.172515112,0.8610686848
10,1,20260925,False,temperature_plus32,0.5123219541,0.4136013752,0.619801701,101,64,7842,1.366749064,0.8544271103
10,1,20260925,False,temperature_plus5,0.008468777164,-0.002728095258,0.02062748579,101,64,7842,0.862562876,0.8540940988
10,1,20260925,False,vpd_x10,2.04102167,1.493899993,2.65111661,101,64,7842,2.895523072,0.8545014023
10,1,20260925,False,wind_x0,0.1713905938,0.0691515103,0.2723434918,101,64,7842,1.032047696,0.8606571019
10,1,20260925,False,wind_x0.447,0.01466314576,0.00426626938,0.02805241113,101,64,7842,0.9235273796,0.9088642338
10,1,20260925,False,wind_x10,0.4768315744,0.3736470433,0.5926574258,101,64,7842,1.33157027,0.8547386952
10,1,20260925,False,wind_x2.237,0.0580276305,0.01363393329,0.09413070019,101,64,7842,0.9363591945,0.878331564
10,1,20260925,False,wind_x3.6,0.1868318252,0.1150862597,0.2592836941,101,64,7842,1.051485345,0.8646535195
10,1,20260925,False,wind_x5,0.2683468592,0.187446448,0.3556725064,101,64,7842,1.124505021,0.8561581615
10,2,20260926,False,clean,0.003443044219,-0.006288478377,0.01338653006,101,64,7842,0.8122298625,0.8087868183
10,2,20260926,False,temperature_fahrenheit_as_celsius,0.6527949255,0.519378884,0.8113700585,101,64,7842,1.507265682,0.8544707566
10,2,20260926,False,temperature_plus10,0.06364861002,0.03373971947,0.09145150204,101,64,7842,0.9557928578,0.8921442478
10,2,20260926,False,temperature_plus20,0.2505000306,0.187779004,0.315057086,101,64,7842,1.112963482,0.8624634514
10,2,20260926,False,temperature_plus32,0.4719188466,0.3662049223,0.5932623938,101,64,7842,1.326345957,0.8544271103
10,2,20260926,False,temperature_plus5,0.003752833574,-0.009065537945,0.01779118265,101,64,7842,0.8557262221,0.8519733885
10,2,20260926,False,vpd_x10,2.23374546,1.769259684,2.82659238,101,64,7842,3.088253739,0.8545082791
10,2,20260926,False,wind_x0,0.1522912858,0.06489306383,0.2523737054,101,64,7842,1.010766766,0.8584754802
10,2,20260926,False,wind_x0.447,0.01419259307,0.00196373495,0.02702378254,101,64,7842,0.8982401019,0.8840475088
10,2,20260926,False,wind_x10,0.5253260931,0.3869153681,0.6416329466,101,64,7842,1.379925255,0.8545991622
10,2,20260926,False,wind_x2.237,0.04569980501,0.006843855473,0.07970260331,101,64,7842,0.926299813,0.880600008
10,2,20260926,False,wind_x3.6,0.1616141784,0.08656648737,0.2307285725,101,64,7842,1.024878853,0.8632646744
10,2,20260926,False,wind_x5,0.2420591183,0.1533859849,0.3248162523,101,64,7842,1.103889962,0.861830844
10,3,20260927,False,clean,0.006335753166,-0.005921019368,0.02134761356,101,64,7842,0.8197112583,0.8133755051
10,3,20260927,False,temperature_fahrenheit_as_celsius,0.750351451,0.611275889,0.9110582817,101,64,7842,1.604854106,0.8545026548
10,3,20260927,False,temperature_plus10,0.06335717222,0.02873098082,0.09309794582,101,64,7842,0.9531830661,0.8898258939
10,3,20260927,False,temperature_plus20,0.2845217638,0.205029266,0.3603663147,101,64,7842,1.145898516,0.8613767521
10,3,20260927,False,temperature_plus32,0.5409710285,0.4341226358,0.6611961851,101,64,7842,1.395398139,0.8544271103
10,3,20260927,False,temperature_plus5,0.01276626831,-0.002938714937,0.03207322019,101,64,7842,0.8677545217,0.8549882534
10,3,20260927,False,vpd_x10,2.604762564,2.009345259,3.210404611,101,64,7842,3.459244383,0.8544818187
10,3,20260927,False,wind_x0,0.1594361245,0.06726765912,0.2566924661,101,64,7842,1.019836447,0.8604003222
10,3,20260927,False,wind_x0.447,0.01489721239,0.00165577471,0.02786755926,101,64,7842,0.9269795259,0.9120823135
10,3,20260927,False,wind_x10,0.534690026,0.3769324035,0.6758195766,101,64,7842,1.389461583,0.8547715573
10,3,20260927,False,wind_x2.237,0.043410814,-0.009461178662,0.08966808898,101,64,7842,0.9245765739,0.8811657599
10,3,20260927,False,wind_x3.6,0.1881702634,0.1041036834,0.2645374721,101,64,7842,1.053493841,0.8653235772
10,3,20260927,False,wind_x5,0.2749755183,0.1684825316,0.3705536482,101,64,7842,1.131974329,0.8569988103
10,4,20260928,False,clean,0.006992801834,-0.002684121846,0.02043126867,101,64,7842,0.8169010943,0.8099082924
10,4,20260928,False,temperature_fahrenheit_as_celsius,0.7602022469,0.615748411,0.9159663128,101,64,7842,1.614704902,0.8545026548
10,4,20260928,False,temperature_plus10,0.08398616613,0.04656878494,0.1177439813,101,64,7842,0.9801444389,0.8961582727
10,4,20260928,False,temperature_plus20,0.3484982001,0.2592960913,0.4315990333,101,64,7842,1.209182666,0.8606844657
10,4,20260928,False,temperature_plus32,0.6078810033,0.5012061303,0.7271366848,101,64,7842,1.462308114,0.8544271103
10,4,20260928,False,temperature_plus5,0.007275607884,-0.005552396354,0.01951096193,101,64,7842,0.8577240441,0.8504484363
10,4,20260928,False,vpd_x10,2.699079314,2.128066192,3.283190768,101,64,7842,3.553595638,0.8545163238
10,4,20260928,False,wind_x0,0.1968506015,0.09890827353,0.304055513,101,64,7842,1.055589452,0.8587388504
10,4,20260928,False,wind_x0.447,0.02055353491,0.008586579288,0.03427205482,101,64,7842,0.9134192253,0.8928656904
10,4,20260928,False,wind_x10,0.602180187,0.4394321389,0.7495393998,101,64,7842,1.456904503,0.8547243162
10,4,20260928,False,wind_x2.237,0.05711138588,0.002808309797,0.104824548,101,64,7842,0.9370662323,0.8799548464
10,4,20260928,False,wind_x3.6,0.2321128651,0.1443327076,0.3158184489,101,64,7842,1.100687047,0.8685741818
10,4,20260928,False,wind_x5,0.3302637702,0.2186816649,0.4340177031,101,64,7842,1.191311493,0.8610477231
10,5,20260929,False,clean,0.008982003486,-0.0008738581042,0.02159161525,101,64,7842,0.8145620642,0.8055800608
10,5,20260929,False,temperature_fahrenheit_as_celsius,0.8143438457,0.6719560024,0.9782762157,101,64,7842,1.668846501,0.8545026548
10,5,20260929,False,temperature_plus10,0.08133422331,0.04500549489,0.1154972646,101,64,7842,0.9815082093,0.900173986
10,5,20260929,False,temperature_plus20,0.3518460554,0.2645709822,0.4351308499,101,64,7842,1.211999627,0.860153572
10,5,20260929,False,temperature_plus32,0.6225461517,0.5072654417,0.7479035871,101,64,7842,1.476973262,0.8544271103
10,5,20260929,False,temperature_plus5,0.01175140675,-0.003661031402,0.02956870783,101,64,7842,0.8691904089,0.8574390021
10,5,20260929,False,vpd_x10,2.824016271,2.279394475,3.449036069,101,64,7842,3.678499519,0.8544832479
10,5,20260929,False,wind_x0,0.177300272,0.08349607517,0.2746017084,101,64,7842,1.037049868,0.8597495955
10,5,20260929,False,wind_x0.447,0.01702489879,0.003167355371,0.03007542414,101,64,7842,0.9089611124,0.8919362136
10,5,20260929,False,wind_x10,0.6066590089,0.4454638542,0.7529395969,101,64,7842,1.461322768,0.8546637589
10,5,20260929,False,wind_x2.237,0.05036875867,-0.008531620828,0.09914196596,101,64,7842,0.9318163726,0.8814476139
10,5,20260929,False,wind_x3.6,0.2277482309,0.1332139874,0.3195758899,101,64,7842,1.089780194,0.8620319636
10,5,20260929,False,wind_x5,0.3291727756,0.2160588585,0.4356248425,101,64,7842,1.185451271,0.8562784958
10,6,20260930,False,clean,0.007329150034,-0.001853339695,0.01994365249,101,64,7842,0.8181630485,0.8108338985
10,6,20260930,False,temperature_fahrenheit_as_celsius,0.6975487064,0.5622655532,0.8549877501,101,64,7842,1.552019463,0.8544707566
10,6,20260930,False,temperature_plus10,0.06221441022,0.02816094689,0.09364171353,101,64,7842,0.9476142159,0.8853998056
10,6,20260930,False,temperature_plus20,0.3093657043,0.2303071596,0.3849377591,101,64,7842,1.16895162,0.8595859159
10,6,20260930,False,temperature_plus32,0.5455787526,0.4429893702,0.6641289857,101,64,7842,1.400005863,0.8544271103
10,6,20260930,False,temperature_plus5,0.01140105297,-0.002627840274,0.02534528642,101,64,7842,0.862098654,0.8506976011
10,6,20260930,False,vpd_x10,2.767266917,2.213494639,3.39929415,101,64,7842,3.621717549,0.8544506322
10,6,20260930,False,wind_x0,0.1865307116,0.09280311039,0.2881082119,101,64,7842,1.046786234,0.8602555227
10,6,20260930,False,wind_x0.447,0.01976710103,0.00482557019,0.03411101088,101,64,7842,0.9251351037,0.9053680027
10,6,20260930,False,wind_x10,0.5713588197,0.4130103059,0.7171630601,101,64,7842,1.426028905,0.8546700852
10,6,20260930,False,wind_x2.237,0.04940235038,0.0007619215297,0.09508615306,101,64,7842,0.9314357834,0.8820334331
10,6,20260930,False,wind_x3.6,0.2112635507,0.1263472988,0.2937240366,101,64,7842,1.074414634,0.8631510833
10,6,20260930,False,wind_x5,0.3081361013,0.2032635571,0.4092804975,101,64,7842,1.168186408,0.8600503069
10,7,20260931,False,clean,0.006010660284,1.812558374e-05,0.01259936669,101,64,7842,0.8215026576,0.8154919973
10,7,20260931,False,temperature_fahrenheit_as_celsius,0.6188032261,0.4494838359,0.80942011,101,64,7842,1.473273983,0.8544707566
10,7,20260931,False,temperature_plus10,0.0473685451,0.01660059569,0.07493742104,101,64,7842,0.9425375843,0.8951690392
10,7,20260931,False,temperature_plus20,0.2378100686,0.1764870103,0.3084159692,101,64,7842,1.09864677,0.8608367011
10,7,20260931,False,temperature_plus32,0.4487843061,0.3350778847,0.5805697603,101,64,7842,1.303211416,0.8544271103
10,7,20260931,False,temperature_plus5,0.006203078733,-0.003181292137,0.0171896761,101,64,7842,0.8571307479,0.8509276692
10,7,20260931,False,vpd_x10,2.49557224,1.820867099,3.267483857,101,64,7842,3.35006786,0.8544956205
10,7,20260931,False,wind_x0,0.1537026793,0.06533256375,0.244567367,101,64,7842,1.012651233,0.8589485539
10,7,20260931,False,wind_x0.447,0.01800869994,0.00559842263,0.03153995431,101,64,7842,0.9258584336,0.9078497336
10,7,20260931,False,wind_x10,0.4156670517,0.3015826901,0.5414320657,101,64,7842,1.270408699,0.8547416471
10,7,20260931,False,wind_x2.237,0.05644304465,0.02267135246,0.09098491497,101,64,7842,0.9325708811,0.8761278365
10,7,20260931,False,wind_x3.6,0.1425392359,0.0785753979,0.2120508293,101,64,7842,1.007653251,0.8651140155
10,7,20260931,False,wind_x5,0.2136644608,0.1308512959,0.3044569474,101,64,7842,1.071682514,0.8580180534
10,8,20260932,False,clean,0.004261911187,-0.003837856944,0.0128180405,101,64,7842,0.830507581,0.8262456698
10,8,20260932,False,temperature_fahrenheit_as_celsius,0.6033258827,0.4819656461,0.7417547804,101,64,7842,1.457828537,0.8545026548
10,8,20260932,False,temperature_plus10,0.07301242196,0.0427508487,0.1009805712,101,64,7842,0.9737762574,0.9007638354
10,8,20260932,False,temperature_plus20,0.3093213089,0.2352242158,0.3808809014,101,64,7842,1.170788416,0.8614671075
10,8,20260932,False,temperature_plus32,0.4920067345,0.3938058526,0.5949993538,101,64,7842,1.346433845,0.8544271103
10,8,20260932,False,temperature_plus5,0.01303642874,-0.0004580583508,0.02696223424,101,64,7842,0.8650280462,0.8519916175
10,8,20260932,False,vpd_x10,2.285139806,1.787482849,2.779969352,101,64,7842,3.139640925,0.854501119
10,8,20260932,False,wind_x0,0.1890029021,0.09615586194,0.2886581031,101,64,7842,1.05002564,0.8610227379
10,8,20260932,False,wind_x0.447,0.02599670668,0.009300741766,0.04213961237,101,64,7842,0.9487405381,0.9227438314
10,8,20260932,False,wind_x10,0.5489883488,0.4010775983,0.6785355417,101,64,7842,1.403763231,0.8547748819
10,8,20260932,False,wind_x2.237,0.06772483392,0.02737525018,0.1051871887,101,64,7842,0.9486119547,0.8808871208
10,8,20260932,False,wind_x3.6,0.2154942766,0.1341053986,0.2877886943,101,64,7842,1.083409208,0.8679149318
10,8,20260932,False,wind_x5,0.3147581624,0.2152128452,0.4028494681,101,64,7842,1.174314495,0.8595563322
10,9,20260933,False,clean,0.007663380618,-0.003509665302,0.02281793259,101,64,7842,0.8260704701,0.8184070895
10,9,20260933,False,temperature_fahrenheit_as_celsius,0.7911101103,0.6470434603,0.9676458999,101,64,7842,1.645612765,0.8545026548
10,9,20260933,False,temperature_plus10,0.07612682697,0.04214544638,0.1070711241,101,64,7842,0.9821746263,0.9060477993
10,9,20260933,False,temperature_plus20,0.3369508263,0.257043826,0.4186850979,101,64,7842,1.197723565,0.8607727389
10,9,20260933,False,temperature_plus32,0.5828237265,0.4738606224,0.7108257936,101,64,7842,1.437250837,0.8544271103
10,9,20260933,False,temperature_plus5,0.009431108493,-0.004004860293,0.02618064858,101,64,7842,0.8715500635,0.862118955
10,9,20260933,False,vpd_x10,2.961658134,2.360982457,3.662595719,101,64,7842,3.816154778,0.8544966443
10,9,20260933,False,wind_x0,0.196557898,0.09194758642,0.3005107911,101,64,7842,1.056086086,0.8595281878
10,9,20260933,False,wind_x0.447,0.02107758809,0.004308640419,0.03549590343,101,64,7842,0.9157401909,0.8946626028
10,9,20260933,False,wind_x10,0.5935710027,0.4430853555,0.7396993589,101,64,7842,1.448310631,0.8547396288
10,9,20260933,False,wind_x2.237,0.04984019077,-0.007738578045,0.1001007851,101,64,7842,0.9328919697,0.8830517789
10,9,20260933,False,wind_x3.6,0.2122141758,0.1203750299,0.2977612775,101,64,7842,1.080089372,0.8678751965
10,9,20260933,False,wind_x5,0.3203712266,0.213535915,0.4223882377,101,64,7842,1.17963576,0.8592645337
25,0,20260924,False,clean,0.00499187148,-0.002154500485,0.01363643335,101,55,7842,0.8215406182,0.8165487467
25,0,20260924,False,temperature_fahrenheit_as_celsius,0.82830977,0.684261666,0.9939223642,101,55,7842,1.682780527,0.8544707566
25,0,20260924,False,temperature_plus10,0.0789740721,0.0435964323,0.1106608975,101,55,7842,0.9790516849,0.9000776128
25,0,20260924,False,temperature_plus20,0.3610394569,0.26960237,0.4454929294,101,55,7842,1.224345153,0.8633056959
25,0,20260924,False,temperature_plus32,0.6268398189,0.5087799846,0.7498387544,101,55,7842,1.481266929,0.8544271103
25,0,20260924,False,temperature_plus5,0.008419705543,-0.003913846505,0.02011655482,101,55,7842,0.8518382256,0.84341852
25,0,20260924,False,vpd_x10,3.051003487,2.467725624,3.672568567,101,55,7842,3.905518691,0.8545152041
25,0,20260924,False,wind_x0,0.1836680818,0.08839325248,0.28360733,101,55,7842,1.041110056,0.8574419741
25,0,20260924,False,wind_x0.447,0.02122202727,0.005794282154,0.03617837223,101,55,7842,0.9264836065,0.9052615792
25,0,20260924,False,wind_x10,0.6137686515,0.4542828489,0.7534882771,101,55,7842,1.468498552,0.8547299006
25,0,20260924,False,wind_x2.237,0.06805322564,0.01722659403,0.1147257654,101,55,7842,0.953827924,0.8857746984
25,0,20260924,False,wind_x3.6,0.2269343518,0.1296394763,0.3094281759,101,55,7842,1.095582025,0.8686476737
25,0,20260924,False,wind_x5,0.3357446221,0.2218885729,0.4334726947,101,55,7842,1.198277687,0.8625330653
25,1,20260925,False,clean,0.006068369637,-0.001379497899,0.0149980493,101,55,7842,0.8111829102,0.8051145405
25,1,20260925,False,temperature_fahrenheit_as_celsius,0.8057843558,0.6638660455,0.9539274422,101,55,7842,1.660287011,0.8545026548
25,1,20260925,False,temperature_plus10,0.07269911489,0.04002304717,0.1022552105,101,55,7842,0.9703084607,0.8976093458
25,1,20260925,False,temperature_plus20,0.3470507129,0.2690986157,0.4240528366,101,55,7842,1.209387373,0.8623366603
25,1,20260925,False,temperature_plus32,0.5982714682,0.4854389352,0.7196701904,101,55,7842,1.452698579,0.8544271103
25,1,20260925,False,temperature_plus5,0.007518036371,-0.00438630194,0.01869739232,101,55,7842,0.8631734297,0.8556553933
25,1,20260925,False,vpd_x10,2.618330034,2.111872298,3.083467056,101,55,7842,3.472823943,0.8544939096
25,1,20260925,False,wind_x0,0.1718503575,0.07050518746,0.273321644,101,55,7842,1.03158609,0.8597357323
25,1,20260925,False,wind_x0.447,0.01700620714,0.00607946225,0.02862969679,101,55,7842,0.9204300185,0.9034238114
25,1,20260925,False,wind_x10,0.5634735715,0.4158889923,0.6963627346,101,55,7842,1.418227518,0.8547539469
25,1,20260925,False,wind_x2.237,0.05398096527,0.007389159343,0.09015391268,101,55,7842,0.9376782784,0.8836973131
25,1,20260925,False,wind_x3.6,0.2019547316,0.1225427904,0.2749981195,101,55,7842,1.069542343,0.8675876115
25,1,20260925,False,wind_x5,0.3059918992,0.2101474023,0.3949641449,101,55,7842,1.167593158,0.8616012587
25,2,20260926,False,clean,0.002334464148,-0.001634903263,0.006021647547,101,55,7842,0.8046213682,0.8022869041
25,2,20260926,False,temperature_fahrenheit_as_celsius,0.7899676831,0.6277917273,0.9806287667,101,55,7842,1.64443844,0.8544707566
25,2,20260926,False,temperature_plus10,0.06169108926,0.037337742,0.08449057642,101,55,7842,0.9586806083,0.8969895191
25,2,20260926,False,temperature_plus20,0.3056435195,0.2192574398,0.3957959015,101,55,7842,1.166659451,0.8610159316
25,2,20260926,False,temperature_plus32,0.5764494837,0.454755459,0.7113602924,101,55,7842,1.430876594,0.8544271103
25,2,20260926,False,temperature_plus5,0.007533398385,-0.004094116164,0.01736484421,101,55,7842,0.8608905826,0.8533571842
25,2,20260926,False,vpd_x10,2.641840722,1.996383135,3.401163617,101,55,7842,3.496255659,0.8544149371
25,2,20260926,False,wind_x0,0.1686694946,0.07082814471,0.276592926,101,55,7842,1.027619422,0.8589499274
25,2,20260926,False,wind_x0.447,0.01679491301,0.001388725026,0.03384648673,101,55,7842,0.9247709099,0.9079759968
25,2,20260926,False,wind_x10,0.4901385613,0.3629029032,0.6298077706,101,55,7842,1.344850034,0.8547114724
25,2,20260926,False,wind_x2.237,0.06310458193,0.01880794284,0.1074100469,101,55,7842,0.9484133352,0.8853087533
25,2,20260926,False,wind_x3.6,0.202001463,0.1162599895,0.2957806731,101,55,7842,1.068852169,0.8668507065
25,2,20260926,False,wind_x5,0.2676955247,0.163633154,0.3833874183,101,55,7842,1.131212991,0.8635174664
25,3,20260927,False,clean,0.004047288688,-0.001032510601,0.009658086769,101,55,7842,0.8151905492,0.8111432605
25,3,20260927,False,temperature_fahrenheit_as_celsius,0.74253507,0.5898017924,0.9164478706,101,55,7842,1.597037725,0.8545026548
25,3,20260927,False,temperature_plus10,0.06162546687,0.03308905944,0.08645128198,101,55,7842,0.9612755667,0.8996500998
25,3,20260927,False,temperature_plus20,0.3032265389,0.2261782214,0.3753592872,101,55,7842,1.164794105,0.861567566
25,3,20260927,False,temperature_plus32,0.5452296661,0.4343830039,0.6708050985,101,55,7842,1.399656776,0.8544271103
25,3,20260927,False,temperature_plus5,0.004905016664,-0.005828138154,0.01537691394,101,55,7842,0.8659831204,0.8610781037
25,3,20260927,False,vpd_x10,2.676643003,2.028460621,3.436612347,101,55,7842,3.531094922,0.8544519196
25,3,20260927,False,wind_x0,0.1627496979,0.0681296607,0.2709367875,101,55,7842,1.023868586,0.861118888
25,3,20260927,False,wind_x0.447,0.0143667834,-0.0006804592109,0.03097356568,101,55,7842,0.9329458327,0.9185790493
25,3,20260927,False,wind_x10,0.562114423,0.4194974082,0.7004519143,101,55,7842,1.41686614,0.8547517172
25,3,20260927,False,wind_x2.237,0.0478244621,-0.002384419466,0.08983755745,101,55,7842,0.9312931157,0.8834686536
25,3,20260927,False,wind_x3.6,0.1931839064,0.114664353,0.2718781798,101,55,7842,1.060469356,0.8672854495
25,3,20260927,False,wind_x5,0.2769414403,0.1824794758,0.372381961,101,55,7842,1.139095494,0.862154054
25,4,20260928,False,clean,0.003356603349,-0.002103672949,0.01033011623,101,55,7842,0.8093581555,0.8060015521
25,4,20260928,False,temperature_fahrenheit_as_celsius,0.7368374846,0.5799444585,0.9099535113,101,55,7842,1.591340139,0.8545026548
25,4,20260928,False,temperature_plus10,0.05850106237,0.03180528523,0.08291687883,101,55,7842,0.9532680284,0.894766966
25,4,20260928,False,temperature_plus20,0.2990796773,0.214454457,0.3824561047,101,55,7842,1.160601812,0.8615221343
25,4,20260928,False,temperature_plus32,0.5410745717,0.4153793958,0.6745050401,101,55,7842,1.395501682,0.8544271103
25,4,20260928,False,temperature_plus5,0.008277024614,-0.002864176369,0.01880606489,101,55,7842,0.8600585975,0.8517815729
25,4,20260928,False,vpd_x10,2.687990371,2.01981058,3.383571817,101,55,7842,3.542503147,0.8545127752
25,4,20260928,False,wind_x0,0.1797031741,0.07460460262,0.2871779929,101,55,7842,1.038387982,0.8586848074
25,4,20260928,False,wind_x0.447,0.02225992237,0.008661162395,0.03514902559,101,55,7842,0.9229559402,0.9006960178
25,4,20260928,False,wind_x10,0.5672750631,0.4099612564,0.7069718641,101,55,7842,1.422013697,0.8547386342
25,4,20260928,False,wind_x2.237,0.06385691043,0.01413798387,0.1089782217,101,55,7842,0.9534086652,0.8895517547
25,4,20260928,False,wind_x3.6,0.2070025661,0.1185545067,0.2878437425,101,55,7842,1.071828745,0.8648261789
25,4,20260928,False,wind_x5,0.3000471239,0.189345624,0.4014219956,101,55,7842,1.161343197,0.8612960728
25,5,20260929,False,clean,0.00397544371,-0.002424178588,0.01177223071,101,55,7842,0.8202124465,0.8162370028
25,5,20260929,False,temperature_fahrenheit_as_celsius,0.7145717254,0.5813345204,0.8685411565,101,55,7842,1.569042482,0.8544707566
25,5,20260929,False,temperature_plus10,0.06781941849,0.0335507208,0.09706312581,101,55,7842,0.9635842517,0.8957648332
25,5,20260929,False,temperature_plus20,0.3369530899,0.2672178531,0.4076703445,101,55,7842,1.197765725,0.8608126356
25,5,20260929,False,temperature_plus32,0.569353514,0.4692422261,0.6855605323,101,55,7842,1.423780624,0.8544271103
25,5,20260929,False,temperature_plus5,0.00679218422,-0.003303307219,0.0169652192,101,55,7842,0.8600620299,0.8532698457
25,5,20260929,False,vpd_x10,2.337108795,1.86301012,2.838904377,101,55,7842,3.191573919,0.8544651239
25,5,20260929,False,wind_x0,0.1672303009,0.07163301322,0.2661788592,101,55,7842,1.026935609,0.8597053082
25,5,20260929,False,wind_x0.447,0.01422164444,0.002581360527,0.02563602945,101,55,7842,0.9233785035,0.9091568591
25,5,20260929,False,wind_x10,0.5651302057,0.4227113932,0.696364228,101,55,7842,1.419872535,0.854742329
25,5,20260929,False,wind_x2.237,0.06625788383,0.02169644547,0.1058623129,101,55,7842,0.9467389626,0.8804810787
25,5,20260929,False,wind_x3.6,0.2143277869,0.132951863,0.2931163091,101,55,7842,1.08257501,0.8682472226
25,5,20260929,False,wind_x5,0.3049124952,0.2105720411,0.3929127831,101,55,7842,1.165908498,0.8609960032
25,6,20260930,False,clean,0.00712143874,-0.00096525982,0.01759601242,101,55,7842,0.8223190315,0.8151975928
25,6,20260930,False,temperature_fahrenheit_as_celsius,0.6298478137,0.5032709068,0.7712270837,101,55,7842,1.484350469,0.8545026548
25,6,20260930,False,temperature_plus10,0.06080170349,0.03187299269,0.08788481033,101,55,7842,0.9636264102,0.9028247067
25,6,20260930,False,temperature_plus20,0.2857715849,0.2197207773,0.353921271,101,55,7842,1.14659464,0.8608230555
25,6,20260930,False,temperature_plus32,0.4979012008,0.398422361,0.6051780247,101,55,7842,1.352328311,0.8544271103
25,6,20260930,False,temperature_plus5,0.009477743389,-0.002602533045,0.0239659913,101,55,7842,0.859240519,0.8497627757
25,6,20260930,False,vpd_x10,1.883381326,1.410365141,2.42601588,101,55,7842,2.737887072,0.8545057463
25,6,20260930,False,wind_x0,0.1709548375,0.07253454848,0.275636999,101,55,7842,1.032197931,0.861243094
25,6,20260930,False,wind_x0.447,0.01640378604,0.002990448948,0.03081834533,101,55,7842,0.9165078883,0.9001041023
25,6,20260930,False,wind_x10,0.5427622762,0.3940828008,0.6833531978,101,55,7842,1.397587745,0.8548254687
25,6,20260930,False,wind_x2.237,0.06341315917,0.02784867352,0.0957797249,101,55,7842,0.9483577913,0.8849446321
25,6,20260930,False,wind_x3.6,0.1895446768,0.116684239,0.2582869713,101,55,7842,1.054557511,0.8650128341
25,6,20260930,False,wind_x5,0.2787479095,0.1838074475,0.364617172,101,55,7842,1.140291608,0.8615436987
25,7,20260931,False,clean,0.0004536328138,-0.002975823762,0.003629986284,101,55,7842,0.8066973307,0.8062436979
25,7,20260931,False,temperature_fahrenheit_as_celsius,0.7201942243,0.574970294,0.899991701,101,55,7842,1.574664981,0.8544707566
25,7,20260931,False,temperature_plus10,0.05785820851,0.03243132092,0.08372063828,101,55,7842,0.9590767617,0.9012185532
25,7,20260931,False,temperature_plus20,0.3017929413,0.2222303777,0.3908405827,101,55,7842,1.163046636,0.8612536948
25,7,20260931,False,temperature_plus32,0.556465549,0.4431294583,0.6939216732,101,55,7842,1.410892659,0.8544271103
25,7,20260931,False,temperature_plus5,0.0009374861988,-0.006074953214,0.007138823237,101,55,7842,0.8533129247,0.8523754385
25,7,20260931,False,vpd_x10,2.221494857,1.727291491,2.749205795,101,55,7842,3.076032324,0.854537467
25,7,20260931,False,wind_x0,0.1661918005,0.06287854926,0.2736717464,101,55,7842,1.025709023,0.859517222
25,7,20260931,False,wind_x0.447,0.01216391707,-0.001191438083,0.02640503255,101,55,7842,0.9248156082,0.9126516911
25,7,20260931,False,wind_x10,0.5857025292,0.4424916638,0.7166347356,101,55,7842,1.440463443,0.8547609142
25,7,20260931,False,wind_x2.237,0.0421237385,-0.0006612088049,0.0813345689,101,55,7842,0.9297843133,0.8876605748
25,7,20260931,False,wind_x3.6,0.1845830587,0.1053643644,0.2585561889,101,55,7842,1.046378013,0.8617949548
25,7,20260931,False,wind_x5,0.284732182,0.1868997486,0.3758197667,101,55,7842,1.144195487,0.8594633049
25,8,20260932,False,clean,1.748030183e-05,-0.003559689933,0.004096887937,101,55,7842,0.8095311022,0.8095136219
25,8,20260932,False,temperature_fahrenheit_as_celsius,0.8040187027,0.6527796284,0.9718099052,101,55,7842,1.658521358,0.8545026548
25,8,20260932,False,temperature_plus10,0.06104849608,0.02776646087,0.09311152918,101,55,7842,0.9592096359,0.8981611398
25,8,20260932,False,temperature_plus20,0.3135130816,0.2315119305,0.3964524288,101,55,7842,1.175365845,0.8618527635
25,8,20260932,False,temperature_plus32,0.5959634113,0.4794198499,0.7197142315,101,55,7842,1.450390522,0.8544271103
25,8,20260932,False,temperature_plus5,0.00790590886,-0.003112892674,0.02101570135,101,55,7842,0.8576831063,0.8497771975
25,8,20260932,False,vpd_x10,2.690422552,2.033090785,3.366734103,101,55,7842,3.544937304,0.8545147526
25,8,20260932,False,wind_x0,0.1372849704,0.05773887669,0.2180994021,101,55,7842,0.9941961489,0.8569111785
25,8,20260932,False,wind_x0.447,0.01226219036,-0.0005116953504,0.02704953918,101,55,7842,0.912024105,0.8997619146
25,8,20260932,False,wind_x10,0.5818304888,0.4350899254,0.7181620259,101,55,7842,1.436579383,0.854748894
25,8,20260932,False,wind_x2.237,0.05548114362,0.004395439269,0.1018483526,101,55,7842,0.9422174565,0.8867363128
25,8,20260932,False,wind_x3.6,0.1893644595,0.1067681088,0.2670909876,101,55,7842,1.058062983,0.8686985239
25,8,20260932,False,wind_x5,0.2979035116,0.2005072107,0.395060544,101,55,7842,1.155169674,0.8572661621
25,9,20260933,False,clean,0.005194397221,-0.004960020154,0.01697211212,101,55,7842,0.8216183456,0.8164239484
25,9,20260933,False,temperature_fahrenheit_as_celsius,0.75283313,0.6093299384,0.9113425663,101,55,7842,1.607335785,0.8545026548
25,9,20260933,False,temperature_plus10,0.056619417,0.02314989489,0.0888943812,101,55,7842,0.9494121032,0.8927926862
25,9,20260933,False,temperature_plus20,0.303974228,0.2246429495,0.3788146628,101,55,7842,1.164960748,0.86098652
25,9,20260933,False,temperature_plus32,0.5580029923,0.4523322318,0.6780278249,101,55,7842,1.412430103,0.8544271103
25,9,20260933,False,temperature_plus5,0.01077294928,-0.005166809386,0.03017795182,101,55,7842,0.8595366746,0.8487637253
25,9,20260933,False,vpd_x10,2.406479098,1.881100412,3.007450565,101,55,7842,3.261009996,0.8545308979
25,9,20260933,False,wind_x0,0.1331912298,0.04810452633,0.2164517897,101,55,7842,0.9924311275,0.8592398978
25,9,20260933,False,wind_x0.447,0.01621100676,0.004000379495,0.02840307345,101,55,7842,0.9031577629,0.8869467561
25,9,20260933,False,wind_x10,0.5713521727,0.4256114882,0.7093390508,101,55,7842,1.426028162,0.8546759892
25,9,20260933,False,wind_x2.237,0.05170020375,0.001885050955,0.09134412291,101,55,7842,0.9320282818,0.880328078
25,9,20260933,False,wind_x3.6,0.1954662145,0.110538949,0.2730963564,101,55,7842,1.058488185,0.8630219702
25,9,20260933,False,wind_x5,0.2985093845,0.1990352895,0.3939979216,101,55,7842,1.160439552,0.861930168
