row_id,station,group,date,y,openet,OpenET,correction,abs_correction,spread,support_distance,predicted_gain,predicted_monotone_gain,predicted_augmented_gain,realized_gain,train_abs_correction_q95,train_spread_q95,Full,accept_Full,Spread95,accept_Spread95,Support95,accept_Support95,Gain,accept_Gain,SupportGain,accept_SupportGain,MonoGain,accept_MonoGain,AugmentedGain,accept_AugmentedGain,Uniform,LocalShrinkage,accept_Uniform,accept_LocalShrinkage,lambda_Uniform,lambda_LocalShrinkage,Clip,fault,failed_rules
545,BAR012,BAR012,2017-07-07,6.699811131550387,4.8,4.8,0.874279248732973,0.874279248732973,0.8085496075285279,2.07786300052344,-0.3001097601425077,-0.33193204760925393,0.12344440034100282,0.8742792487329729,1.170806805162228,0.37035210423901355,5.674279248732973,True,4.8,False,4.8,False,4.8,False,4.8,False,4.8,False,5.674279248732973,True,5.2371396243664865,5.331178432673833,True,True,0.5,0.6075615238994061,4.0247263068358645,clean,actual_vapor_pressure;vpd_physical
579,BAR012,BAR012,2018-08-11,3.699944681105309,3.6,3.6,0.07059983459635244,0.07059983459635244,0.5074960540423122,1.102896395957431,0.06462089449352199,-0.02623348314360477,0.04414325921509361,0.07059983459635244,1.170806805162228,0.37035210423901355,3.6705998345963526,True,3.6,False,3.6705998345963526,True,3.6705998345963526,True,3.6705998345963526,True,3.6,False,3.6705998345963526,True,3.6352999172981764,3.6705998345963526,True,True,0.5,1.0,3.6705998345963526,clean,actual_vapor_pressure;vpd_physical
583,BAR012,BAR012,2018-09-20,2.2820076187419267,2.8,2.8,-0.32355419903916965,0.32355419903916965,0.19575070253271512,1.1235102187598982,-0.02784112926724755,-0.050871941105454295,-0.09529681943732787,0.32355419903916965,1.170806805162228,0.37035210423901355,2.47644580096083,True,2.47644580096083,True,2.47644580096083,True,2.8,False,2.8,False,2.8,False,2.8,False,2.638222900480415,2.7082189290084187,True,True,0.5,0.28366521363077757,2.47644580096083,clean,actual_vapor_pressure;vpd_physical
615,BAR012,BAR012,2020-10-03,1.250038987133199,1.3,1.3,0.23647938026995038,0.23647938026995038,0.4498520928604753,1.5265026908094523,0.01179540223245631,-0.057182959366346674,-0.026627476175233908,-0.2364793802699504,1.170806805162228,0.37035210423901355,1.5364793802699503,True,1.3,False,1.3,False,1.5364793802699503,True,1.3,False,1.3,False,1.3,False,1.4182396901349752,1.4203309442369587,True,True,0.5,0.5088432830786191,1.5364793802699503,clean,actual_vapor_pressure;vpd_physical
618,BAR012,BAR012,2020-10-27,0.5968839831148129,1.2,1.2,-0.3387321087460316,0.3387321087460316,0.27897966730475393,0.7402709907173718,-0.00294158998530228,-0.005093466714659008,-0.09436193957840087,0.3387321087460316,1.170806805162228,0.37035210423901355,0.8612678912539684,True,0.8612678912539684,True,0.8612678912539684,True,1.2,False,1.2,False,1.2,False,1.2,False,1.0306339456269842,1.117173303014153,True,True,0.5,0.24451976900703923,0.8612678912539684,clean,actual_vapor_pressure;vpd_physical
667,RIP760,RIP760,2017-07-17,7.910234279493968,6.4,6.4,1.036543776240593,1.036543776240593,0.3961792441492414,1.1942815605786947,-0.3930398085874189,-0.4709937066267907,-0.4828985379073245,1.036543776240593,1.3492381330451246,0.4048384092005496,7.436543776240593,True,7.436543776240593,True,6.4,False,6.4,False,6.4,False,6.4,False,6.4,False,6.918271888120297,6.4,True,False,0.5,0.0,6.8741269341963,clean,actual_vapor_pressure;vpd_physical
668,RIP760,RIP760,2017-07-18,8.352542271372505,6.5,6.5,-0.2046676592529775,0.2046676592529775,0.2925787274556437,1.1457940168802634,-0.01580574413816786,-0.005976538311464365,-0.13113675997259033,-0.2046676592529777,1.3492381330451246,0.4048384092005496,6.295332340747023,True,6.295332340747023,True,6.5,False,6.5,False,6.5,False,6.5,False,6.5,False,6.397666170373511,6.5,True,False,0.5,0.0,6.135666545278844,clean,actual_vapor_pressure;vpd_physical
893,SLM001,SLM001,2015-05-01,4.549726396849113,4.7,4.7,-1.1972593571666694,1.1972593571666694,0.1338621336761282,0.9049086162031102,0.02290916173716698,0.1507700695763122,-0.1702201929663866,-0.8967121508648956,1.3647988537278364,0.3915020213299675,3.5027406428333308,True,3.5027406428333308,True,3.5027406428333308,True,3.5027406428333308,True,3.5027406428333308,True,3.5027406428333308,True,4.7,False,3.802055482124998,4.087637952148604,True,True,0.75,0.5114698366614225,3.5027406428333308,clean,actual_vapor_pressure;vpd_physical
916,SLM001,SLM001,2015-09-06,2.650908409367726,2.8,2.8,-1.953695417893588,1.953695417893588,0.323578952616294,0.8299914386172704,0.940876466273638,0.803334018406712,-0.5272549458832638,-1.6555122366290407,1.3647988537278364,0.3915020213299675,0.8463045821064119,True,0.8463045821064119,True,0.8463045821064119,True,0.8463045821064119,True,0.8463045821064119,True,0.8463045821064119,True,2.8,False,1.3347284365798089,0.9032186290349522,True,True,0.75,0.9708685159379126,0.8463045821064119,clean,actual_vapor_pressure;vpd_physical
917,SLM001,SLM001,2015-09-21,3.132613710700753,3.2,3.2,-1.4890598673398692,1.4890598673398692,0.1690533135841144,0.8366013465493667,0.8348982592804713,0.5991390664572946,-0.3393986226431014,-1.3542872887413748,1.3647988537278364,0.3915020213299675,1.710940132660131,True,1.710940132660131,True,1.710940132660131,True,1.710940132660131,True,1.710940132660131,True,1.710940132660131,True,3.2,False,2.0832050994950984,1.870025103744512,True,True,0.75,0.8931641537229942,1.710940132660131,clean,actual_vapor_pressure;vpd_physical
980,SLM001,SLM001,2017-07-08,6.511845794815336,5.9,5.9,-0.13765157899053004,0.13765157899053004,0.5991532455127729,0.6891887863297831,0.2149570756173039,0.14006451745530826,-0.014224944690539795,-0.13765157899053004,1.3647988537278364,0.3915020213299675,5.76234842100947,True,5.9,False,5.76234842100947,True,5.76234842100947,True,5.76234842100947,True,5.76234842100947,True,5.9,False,5.796761315757103,5.76234842100947,True,True,0.75,1.0,5.76234842100947,clean,actual_vapor_pressure;vpd_physical
981,SLM001,SLM001,2017-07-09,5.860522465968236,5.7,5.7,-0.6361858967376103,0.6361858967376103,0.5648304642126851,0.7202495754224403,0.1581458352329073,0.029014358004704654,-0.02104956598755269,-0.6361858967376103,1.3647988537278364,0.3915020213299675,5.06381410326239,True,5.7,False,5.06381410326239,True,5.06381410326239,True,5.06381410326239,True,5.06381410326239,True,5.7,False,5.222860577446792,5.431648767877869,True,True,0.75,0.42181260775859436,5.06381410326239,clean,actual_vapor_pressure;vpd_physical
990,SLM001,SLM001,2017-09-02,2.2709368608247953,3.3,3.3,-1.901080396697685,1.901080396697685,0.13470194359552617,1.0235320403083494,0.4770451628392378,0.2413273097384688,-0.3121484497327958,0.15704588165272404,1.3647988537278364,0.3915020213299675,1.3989196033023148,True,1.3989196033023148,True,1.3989196033023148,True,1.3989196033023148,True,1.3989196033023148,True,1.3989196033023148,True,3.3,False,1.874189702476736,2.086774246992002,True,True,0.75,0.6381769835276084,1.3989196033023148,clean,actual_vapor_pressure;vpd_physical
994,SLM001,SLM001,2017-09-26,1.3587118585838165,2.4,2.4,-1.1737191451654585,1.1737191451654585,0.23806615015821747,0.8293706522291112,0.13144659887503163,0.1734371398562548,-0.24996473612673933,0.9088571376669083,1.3647988537278364,0.3915020213299675,1.2262808548345414,True,1.2262808548345414,True,1.2262808548345414,True,1.2262808548345414,True,1.2262808548345414,True,1.2262808548345414,True,2.4,False,1.519710641125906,1.8122336494150346,True,True,0.75,0.500772568127538,1.2262808548345414,clean,actual_vapor_pressure;vpd_physical
995,SLM001,SLM001,2017-09-27,1.0270226426405835,2.6,2.6,-1.4009067465046074,1.4009067465046074,0.09971028870216268,0.7773824280257647,0.013533394581520192,0.17003768475124395,-0.3930674704693341,1.4009067465046074,1.3647988537278364,0.3915020213299675,1.1990932534953926,True,1.1990932534953926,True,1.1990932534953926,True,1.1990932534953926,True,1.1990932534953926,True,1.1990932534953926,True,2.6,False,1.5493199401215445,2.1146097868742406,True,True,0.75,0.34648288641399816,1.1990932534953926,clean,actual_vapor_pressure;vpd_physical
1038,SLM001,SLM001,2020-10-05,1.9683255450186936,2.0,2.0,-1.2503839864491197,1.2503839864491197,0.07671948370127597,0.8623217839084294,0.1887069841290771,0.21875109562104458,-0.4162967559346906,-1.187035076486507,1.3647988537278364,0.3915020213299675,0.7496160135508803,True,0.7496160135508803,True,0.7496160135508803,True,0.7496160135508803,True,0.7496160135508803,True,0.7496160135508803,True,2.0,False,1.0622120101631602,1.4183153453773547,True,True,0.75,0.4652048178212294,0.7496160135508803,clean,actual_vapor_pressure;vpd_physical
1816,US-Bi1,US-Bi1,2016-12-21,0.5117059103085462,0.5,0.5,0.09875563480920069,0.09875563480920069,0.30138069851990357,0.39755196706719187,-0.0017808388426489544,-0.008087116157875919,-0.06008637798834175,-0.07534381419210834,1.324176162895606,0.43783539125619964,0.5987556348092007,True,0.5987556348092007,True,0.5987556348092007,True,0.5,False,0.5,False,0.5,False,0.5,False,0.5740667261069006,0.5987556348092007,True,True,0.75,1.0,0.5987556348092007,clean,vpd_physical
1973,US-Bi2,US-Bi1,2017-10-04,0.4850943858370904,0.9,0.9,-0.37177820731434186,0.37177820731434186,0.12028244494848725,0.45254244883002076,0.012185908689320991,0.022201968082311497,-0.06008637798834175,0.37177820731434186,1.324176162895606,0.43783539125619964,0.5282217926856582,True,0.5282217926856582,True,0.5282217926856582,True,0.5282217926856582,True,0.5282217926856582,True,0.5282217926856582,True,0.9,False,0.6211663445142437,0.6607571863288091,True,True,0.75,0.6435095144479756,0.5282217926856582,clean,vpd_physical
3227,US-Dk1,US-Dk1,2006-04-17,2.892780261326413,2.6,2.6,0.2724940903376578,0.2724940903376578,0.11601646500979376,0.5236841815323197,0.01750584922501605,0.012218162786664913,-0.01832947677297781,0.2724940903376578,1.5869859578088659,0.3864218247365566,2.872494090337658,True,2.872494090337658,True,2.872494090337658,True,2.872494090337658,True,2.872494090337658,True,2.872494090337658,True,2.6,False,2.736247045168829,2.700124671071161,True,True,0.5,0.36743795414826275,2.872494090337658,clean,vpd_physical
3247,US-Dk1,US-Dk1,2007-05-06,3.038384952442017,3.1,3.1,0.5236641315037381,0.5236641315037381,0.24268489054340497,0.6376671721465337,-0.02201819685780644,-0.01959035315054593,-0.027838976503802113,-0.5236641315037381,1.5869859578088659,0.3864218247365566,3.6236641315037383,True,3.6236641315037383,True,3.6236641315037383,True,3.1,False,3.1,False,3.1,False,3.1,False,3.361832065751869,3.327584053066145,True,True,0.5,0.4345992772363876,3.6236641315037383,clean,vpd_physical
3272,US-Dk2,US-Dk1,2006-06-20,5.349250320007742,6.4,6.4,0.21917946104743025,0.21917946104743025,0.07685468422198687,0.5151308664270738,0.022201194120890024,0.05136774106956436,-0.008648978032470871,-0.21917946104743025,1.5869859578088659,0.3864218247365566,6.61917946104743,True,6.61917946104743,True,6.61917946104743,True,6.61917946104743,True,6.61917946104743,True,6.61917946104743,True,6.4,False,6.509589730523715,6.4,True,False,0.5,0.0,6.61917946104743,clean,vpd_physical
3281,US-Dk2,US-Dk1,2007-01-06,1.9277785570488384,0.9,0.9,0.24839114116034466,0.24839114116034466,0.15007277783282488,0.7049858537654592,-0.002780442871437563,-0.0026743457982064092,-0.01832947677297781,0.24839114116034466,1.5869859578088659,0.3864218247365566,1.1483911411603447,True,1.1483911411603447,True,1.1483911411603447,True,0.9,False,0.9,False,0.9,False,0.9,False,1.0241955705801724,0.99648225270091,True,True,0.5,0.38842871871435825,1.1483911411603447,clean,vpd_physical
3312,US-Dk2,US-Dk1,2008-10-15,2.1214257531782548,2.6,2.6,0.23293043909594677,0.23293043909594677,0.19467365338839396,0.5040585474029105,0.0010651286828314043,0.001034476624238686,-0.006423468143884984,-0.2329304390959468,1.5869859578088659,0.3864218247365566,2.832930439095947,True,2.832930439095947,True,2.832930439095947,True,2.832930439095947,True,2.832930439095947,True,2.832930439095947,True,2.6,False,2.7164652195479735,2.6981618562147442,True,True,0.5,0.42142133332050363,2.832930439095947,clean,vpd_physical
3776,US-Fwf,US-Fwf,2007-05-09,1.3676207685351265,1.1,1.1,0.41710862425728745,0.41710862425728745,0.04204493474456103,0.5567096664104969,0.00803911331861642,0.003112104199526633,-0.04025428418664542,0.11813291281296534,1.5869859578088659,0.3864218247365566,1.5171086242572875,True,1.5171086242572875,True,1.5171086242572875,True,1.5171086242572875,True,1.5171086242572875,True,1.5171086242572875,True,1.1,False,1.3085543121286438,1.3932635319087652,True,True,0.5,0.7030867137570136,1.5171086242572875,clean,vpd_physical
3777,US-Fwf,US-Fwf,2007-05-25,1.2972991474760511,1.0,1.0,0.4393659492488055,0.4393659492488055,0.08267851751738367,0.577864051319104,0.013113995157657458,0.003112104199526633,-0.03760069455041917,0.15523234570329675,1.5869859578088659,0.3864218247365566,1.4393659492488056,True,1.4393659492488056,True,1.4393659492488056,True,1.4393659492488056,True,1.4393659492488056,True,1.4393659492488056,True,1.0,False,1.2196829746244027,1.2746246334270284,True,True,0.5,0.6250476030210368,1.4393659492488056,clean,vpd_physical
3779,US-Fwf,US-Fwf,2007-06-18,1.4890080517119404,0.7,0.7,0.23943565045730744,0.23943565045730744,0.3606291938078115,0.9844543641278486,-0.04367458707049643,-0.07395043227312248,-0.0288496800372114,0.23943565045730741,1.5869859578088659,0.3864218247365566,0.9394356504573074,True,0.9394356504573074,True,0.9394356504573074,True,0.7,False,0.7,False,0.7,False,0.7,False,0.8197178252286537,0.7339558331740268,True,True,0.5,0.14181611263474442,0.9394356504573074,clean,vpd_physical
3780,US-Fwf,US-Fwf,2007-08-21,3.268057767410891,2.2,2.2,-0.6533078661698235,0.6533078661698235,0.17908208441761803,0.5545639687919144,-0.012519927038975287,-0.022984128497518744,-0.10722195737938389,-0.6533078661698235,1.5869859578088659,0.3864218247365566,1.5466921338301767,True,1.5466921338301767,True,1.5466921338301767,True,2.2,False,2.2,False,2.2,False,2.2,False,1.8733460669150883,2.0385347460112393,True,True,0.5,0.24715032888764998,1.5466921338301767,clean,vpd_physical
3786,US-Fwf,US-Fwf,2008-04-25,0.4380351236269436,0.2,0.2,0.8998414307232118,0.8998414307232118,0.09639130637048737,0.8023819533710401,0.0880749510554141,0.13134524804575617,-0.3280974219262185,-0.42377118346932463,1.5869859578088659,0.3864218247365566,1.0998414307232118,True,1.0998414307232118,True,1.0998414307232118,True,1.0998414307232118,True,1.0998414307232118,True,1.0998414307232118,True,0.2,False,0.6499207153616059,0.6365194869480355,True,True,0.5,0.48510712225952995,1.0998414307232118,clean,vpd_physical
3788,US-Fwf,US-Fwf,2008-05-11,0.8564332303731357,0.8,0.8,0.253717777230616,0.253717777230616,0.06154361499446211,0.7534237346098509,-0.03068173416625027,-0.027831154891178357,-0.016175642481995583,-0.14085131648434474,1.5869859578088659,0.3864218247365566,1.053717777230616,True,1.053717777230616,True,1.053717777230616,True,0.8,False,0.8,False,0.8,False,0.8,False,0.9268588886153081,0.9105840379858162,True,True,0.5,0.43585451202065817,1.053717777230616,clean,vpd_physical
3789,US-Fwf,US-Fwf,2008-05-19,1.9990237178764505,1.1,1.1,0.2292952838472682,0.2292952838472682,0.12192217218398345,0.6030042774160729,-0.03608164001573829,-0.03758224479567161,-0.04075568866630423,0.22929528384726816,1.5869859578088659,0.3864218247365566,1.3292952838472682,True,1.3292952838472682,True,1.3292952838472682,True,1.1,False,1.1,False,1.1,False,1.1,False,1.2146476419236343,1.1473974103848297,True,True,0.5,0.20670905039809076,1.3292952838472682,clean,vpd_physical
3790,US-Fwf,US-Fwf,2008-05-27,1.502870767170586,1.0,1.0,1.0572774147571222,1.0572774147571222,0.16350858532981147,0.9770406631573406,-0.32101740216130037,-0.3294843730477493,-0.28070061153511655,-0.05153588041595003,1.5869859578088659,0.3864218247365566,2.057277414757122,True,2.057277414757122,True,2.057277414757122,True,1.0,False,1.0,False,1.0,False,1.0,False,1.528638707378561,1.2771469415983117,True,True,0.5,0.26213266048246936,2.057277414757122,clean,vpd_physical
4238,US-Jo2,US-Jo2,2011-05-08,0.3034677208981746,0.1,0.1,-0.06449408264984263,0.06449408264984263,0.13012115376868363,1.0535917714078828,0.11891087980659476,0.120817192900788,0.0794865761701065,-0.06449408264984266,1.455579335612349,0.421648140266429,0.03550591735015737,True,0.03550591735015737,True,0.03550591735015737,True,0.03550591735015737,True,0.03550591735015737,True,0.03550591735015737,True,0.03550591735015737,True,0.06775295867507869,0.03550591735015737,True,True,0.5,1.0,0.03550591735015737,clean,actual_vapor_pressure;vpd_physical
4318,US-Jo2,US-Jo2,2014-11-24,0.3724174151676172,0.3,0.3,0.014690733208611214,0.014690733208611214,0.11797992674217347,0.5916813057982659,-0.01428738911424016,-0.012179442309796585,-0.05895719924369145,0.014690733208611216,1.455579335612349,0.421648140266429,0.3146907332086112,True,0.3146907332086112,True,0.3146907332086112,True,0.3,False,0.3,False,0.3,False,0.3,False,0.3073453666043056,0.3146907332086112,True,True,0.5,1.0,0.3146907332086112,clean,vpd_physical
4349,US-Jo2,US-Jo2,2016-05-21,2.2679851336768904,0.4,0.4,0.3238445850266048,0.3238445850266048,0.22762970795900514,0.5706173321405568,-0.09618203367431853,-0.07573632170570696,-0.12487013827825019,0.32384458502660474,1.455579335612349,0.421648140266429,0.7238445850266049,True,0.7238445850266049,True,0.7238445850266049,True,0.4,False,0.4,False,0.4,False,0.4,False,0.5619222925133024,0.4896767859920349,True,True,0.5,0.27691303217148955,0.7238445850266049,clean,vpd_physical
4396,US-Jo2,US-Jo2,2018-05-19,0.4739989117266265,0.2,0.2,0.6377656177616645,0.6377656177616645,0.140528694710903,0.5691272365906832,0.08078979973994718,0.09422813347175277,-0.029734812651374554,-0.08976779430841153,1.455579335612349,0.421648140266429,0.8377656177616646,True,0.8377656177616646,True,0.8377656177616646,True,0.8377656177616646,True,0.8377656177616646,True,0.8377656177616646,True,0.2,False,0.5188828088808323,0.5911283318304417,True,True,0.5,0.6132791121653219,0.8377656177616646,clean,vpd_physical
4499,US-KM4,US-KM4,2015-11-15,0.7826132691655916,0.6,0.6,0.08800602880939261,0.08800602880939261,0.09467172083803446,0.48946134645845546,0.007002679992829404,0.007801492365610622,-0.02666718027344924,0.08800602880939261,1.3647988537278364,0.3915020213299675,0.6880060288093925,True,0.6880060288093925,True,0.6880060288093925,True,0.6880060288093925,True,0.6880060288093925,True,0.6880060288093925,True,0.6,False,0.6660045216070445,0.6880060288093925,True,True,0.75,1.0,0.6880060288093925,clean,vpd_physical
4644,US-Mj2,US-Mj1,2014-06-20,4.11354435715325,2.6,2.6,0.464686973114913,0.464686973114913,0.10079141146925266,0.665389305316269,0.03544122935198793,-5.483395087810944e-05,-0.08592265937796537,0.464686973114913,1.4316136990994175,0.35131768539553043,3.064686973114913,True,3.064686973114913,True,3.064686973114913,True,3.064686973114913,True,3.064686973114913,True,2.6,False,2.6,False,2.8323434865574564,2.8098356982193207,True,True,0.5,0.45156354784972663,3.064686973114913,clean,vpd_physical
4690,US-NC2,US-NC2,2019-06-26,5.5162224223300935,6.4,6.4,0.34768064110822167,0.34768064110822167,0.12636286716886191,0.6007763532283021,-0.07198537216341147,-0.05704319215534734,-0.0017457393852615861,-0.3476806411082216,1.3492381330451246,0.4048384092005496,6.747680641108222,True,6.747680641108222,True,6.747680641108222,True,6.4,False,6.4,False,6.4,False,6.4,False,6.573840320554111,6.4,True,False,0.5,0.0,6.747680641108222,clean,vpd_physical
4693,US-NC2,US-NC2,2019-11-01,2.392157921279084,0.5,0.5,0.10869674455083918,0.10869674455083918,0.057119346052955905,0.3825612814368601,0.01707118835986639,0.013025632757627643,-0.033280937568847056,0.10869674455083911,1.3492381330451246,0.4048384092005496,0.6086967445508392,True,0.6086967445508392,True,0.6086967445508392,True,0.6086967445508392,True,0.6086967445508392,True,0.6086967445508392,True,0.5,False,0.5543483722754196,0.6086967445508392,True,True,0.5,1.0,0.6086967445508392,clean,vpd_physical
4795,US-NC4,US-NC4,2012-01-30,0.493779774436495,1.5,1.5,-0.6520947524637677,0.6520947524637677,0.09408483455194794,0.7791279286814052,0.08878095368250463,0.02886040313884959,-0.08846220698603931,0.6520947524637677,1.4316136990994175,0.35131768539553043,0.8479052475362323,True,0.8479052475362323,True,0.8479052475362323,True,0.8479052475362323,True,0.8479052475362323,True,0.8479052475362323,True,1.5,False,1.1739526237681162,1.0060423090204673,True,True,0.5,0.757493737088428,0.8479052475362323,clean,actual_vapor_pressure;vpd_physical
4801,US-NC4,US-NC4,2013-02-17,1.4945768805698072,1.1,1.1,1.0812855313853469,1.0812855313853469,0.3106438909620871,0.851231733010654,0.1242744671814819,0.1274518655365493,-0.2034046365295207,-0.29213177024573267,1.4316136990994175,0.35131768539553043,2.181285531385347,True,2.181285531385347,True,2.181285531385347,True,2.181285531385347,True,2.181285531385347,True,2.181285531385347,True,1.1,False,1.6406427656926734,1.8690512344216972,True,True,0.5,0.711237884998226,2.181285531385347,clean,vpd_physical
4832,US-NC4,US-NC4,2019-06-10,6.011572343858299,6.3,6.3,-0.3513514857072497,0.3513514857072497,0.35576085054116724,0.7590498132674526,-0.0729429505409248,-0.08011306492882674,-0.08390176324028278,0.2255038265761513,1.4316136990994175,0.35131768539553043,5.94864851429275,True,5.94864851429275,True,5.94864851429275,True,6.3,False,6.3,False,6.3,False,6.3,False,6.124324257146375,6.3,True,False,0.5,0.0,5.94864851429275,clean,vpd_physical
4838,US-NC4,US-NC4,2019-11-01,3.2411052467850863,1.4,1.4,0.3693733650028435,0.3693733650028435,0.20111788016302876,0.7012861807470575,-0.0040909932110253415,-5.483395087810944e-05,-0.06196312920406813,0.36937336500284346,1.4316136990994175,0.35131768539553043,1.7693733650028434,True,1.7693733650028434,True,1.7693733650028434,True,1.4,False,1.4,False,1.4,False,1.4,False,1.5846866825014216,1.5795553552827999,True,True,0.5,0.48610802048874774,1.7693733650028434,clean,vpd_physical
5710,US-SRS,US-SRS,2011-06-22,0.2517178809717654,0.7,0.7,-0.17064857235590328,0.17064857235590328,0.27362370377922135,0.6205283534229984,0.012775374064067193,0.020385326124852342,-0.06693120657636395,0.17064857235590325,1.324176162895606,0.43783539125619964,0.5293514276440967,True,0.5293514276440967,True,0.5293514276440967,True,0.5293514276440967,True,0.5293514276440967,True,0.5293514276440967,True,0.7,False,0.5720135707330725,0.5293514276440967,True,True,0.75,1.0,0.6481587880373486,clean,vpd_physical
5713,US-SRS,US-SRS,2011-07-08,2.6042957122995904,1.2,1.2,-0.08384532864384724,0.08384532864384724,0.11317091752078405,0.6635435221377557,-0.003587005595273751,-0.0013068496872034414,-0.06693120657636395,-0.0838453286438472,1.324176162895606,0.43783539125619964,1.1161546713561528,True,1.1161546713561528,True,1.1161546713561528,True,1.2,False,1.2,False,1.2,False,1.2,False,1.1371160035171146,1.1161546713561528,True,True,0.75,1.0,1.1161546713561528,clean,vpd_physical
5718,US-SRS,US-SRS,2011-08-17,3.0564876574878737,2.9,2.9,0.009840823489772046,0.009840823489772046,0.04780144336362399,0.8333650855422929,0.007186586717582146,0.01328592243621692,-0.047835649915386025,0.009840823489772055,1.324176162895606,0.43783539125619964,2.909840823489772,True,2.909840823489772,True,2.909840823489772,True,2.909840823489772,True,2.909840823489772,True,2.909840823489772,True,2.9,False,2.907380617617329,2.909840823489772,True,True,0.75,1.0,2.909840823489772,clean,vpd_physical
5721,US-SRS,US-SRS,2011-09-03,1.8800015989759769,2.0,2.0,-0.7349974647937785,0.7349974647937785,0.10946364875584834,0.8031139402589128,-0.030410542058828795,-0.028301058275845642,-0.12089310096951492,-0.4950006627457322,1.324176162895606,0.43783539125619964,1.2650025352062215,True,1.2650025352062215,True,1.2650025352062215,True,2.0,False,2.0,False,2.0,False,2.0,False,1.4487519014046661,1.5271535834573382,True,True,0.75,0.6433306768960494,1.2650025352062215,clean,vpd_physical
5729,US-SRS,US-SRS,2011-10-28,0.4840689473189864,0.9,0.9,0.10334376148757278,0.10334376148757278,0.09572588956313836,0.6361274120334744,0.010054779712497504,0.012041516630146807,-0.057771328953862784,-0.10334376148757274,1.324176162895606,0.43783539125619964,1.0033437614875729,True,1.0033437614875729,True,1.0033437614875729,True,1.0033437614875729,True,1.0033437614875729,True,1.0033437614875729,True,0.9,False,0.9775078211156796,1.0033437614875729,True,True,0.75,1.0,1.0033437614875729,clean,vpd_physical
5730,US-SRS,US-SRS,2012-01-08,0.4554088033277898,0.5,0.5,0.06984434698689293,0.06984434698689293,0.13538287143894914,0.36442597153915735,-0.0017808388426489544,-0.008087116157875919,-0.06008637798834175,-0.06984434698689293,1.324176162895606,0.43783539125619964,0.5698443469868929,True,0.5698443469868929,True,0.5698443469868929,True,0.5,False,0.5,False,0.5,False,0.5,False,0.5523832602401697,0.5698443469868929,True,True,0.75,1.0,0.5698443469868929,clean,vpd_physical
5745,US-SRS,US-SRS,2012-07-18,3.6951691917946614,2.1,2.1,-0.8225432934614813,0.8225432934614813,0.21080396427729117,0.7312744392170456,-0.038816169608162324,-0.028301058275845642,-0.12713637487505844,-0.8225432934614814,1.324176162895606,0.43783539125619964,1.2774567065385187,True,1.2774567065385187,True,1.2774567065385187,True,2.1,False,2.1,False,2.1,False,2.1,False,1.4830925299038893,1.5973645805182715,True,True,0.75,0.6110747281963783,1.2774567065385187,clean,vpd_physical
5767,US-SRS,US-SRS,2013-07-05,1.2710632927081476,0.4,0.4,0.7482461560962371,0.7482461560962371,0.17342422818872713,0.7218938288726436,-0.3311922686706666,-0.3763293162078053,-0.21324673641787184,0.7482461560962371,1.324176162895606,0.43783539125619964,1.1482461560962371,True,1.1482461560962371,True,1.1482461560962371,True,0.4,False,0.4,False,0.4,False,0.4,False,0.9611846170721778,0.5533205751627315,True,True,0.75,0.20490659913662398,1.1482461560962371,clean,vpd_physical
5779,US-SRS,US-SRS,2014-02-22,0.1858152000765965,0.5,0.5,0.09166212178042717,0.09166212178042717,0.04158750424514227,0.668829526146884,0.015876789787550017,0.01618550367940807,-0.037502470553534374,-0.09166212178042715,1.324176162895606,0.43783539125619964,0.5916621217804272,True,0.5916621217804272,True,0.5916621217804272,True,0.5916621217804272,True,0.5916621217804272,True,0.5916621217804272,True,0.5,False,0.5687465913353204,0.5916621217804272,True,True,0.75,1.0,0.5916621217804272,clean,vpd_physical
5792,US-SRS,US-SRS,2014-07-24,1.5241602337102902,1.2,1.2,0.07029698669386307,0.07029698669386307,0.049876032316497385,0.7045909755286872,0.007186586717582146,0.01328592243621692,-0.0518368546348159,0.07029698669386308,1.324176162895606,0.43783539125619964,1.270296986693863,True,1.270296986693863,True,1.270296986693863,True,1.270296986693863,True,1.270296986693863,True,1.270296986693863,True,1.2,False,1.2527227400203973,1.270296986693863,True,True,0.75,1.0,1.2867406230343992,clean,vpd_physical
5800,US-SRS,US-SRS,2015-01-24,0.7425685965680356,0.4,0.4,0.07990471614365414,0.07990471614365414,0.3223196307120657,0.9135898236731365,0.021247384794288733,0.01819997915807376,-0.08760860804989462,0.07990471614365413,1.324176162895606,0.43783539125619964,0.47990471614365415,True,0.47990471614365415,True,0.47990471614365415,True,0.47990471614365415,True,0.47990471614365415,True,0.47990471614365415,True,0.4,False,0.4599285371077406,0.47990471614365415,True,True,0.75,1.0,0.47990471614365415,clean,vpd_physical
5808,US-SRS,US-SRS,2015-04-22,1.0679477043702992,1.2,1.2,0.08362401454206218,0.08362401454206218,0.14096548588586927,0.7272443402977192,0.010054779712497504,0.009141935386955655,-0.07557847543124921,-0.0836240145420622,1.324176162895606,0.43783539125619964,1.283624014542062,True,1.283624014542062,True,1.283624014542062,True,1.283624014542062,True,1.283624014542062,True,1.283624014542062,True,1.2,False,1.2627180109065466,1.283624014542062,True,True,0.75,1.0,1.283624014542062,clean,vpd_physical
5809,US-SRS,US-SRS,2015-04-23,1.0048864001341995,0.3,0.3,0.1354551822502809,0.1354551822502809,0.12876812819050806,0.4618490139632727,0.01693068510256546,0.019856874127222902,-0.0636952734433186,0.13545518225028086,1.324176162895606,0.43783539125619964,0.4354551822502809,True,0.4354551822502809,True,0.4354551822502809,True,0.4354551822502809,True,0.4354551822502809,True,0.4354551822502809,True,0.3,False,0.40159138668771066,0.4243388304547401,True,True,0.75,0.9179333591312804,0.4354551822502809,clean,vpd_physical
5812,US-SRS,US-SRS,2015-05-09,0.714043479549398,1.3,1.3,0.1449729854119078,0.1449729854119078,0.07061647705551942,0.587316247227588,0.007186586717582146,0.01328592243621692,-0.04941972548815701,-0.14497298541190784,1.324176162895606,0.43783539125619964,1.4449729854119078,True,1.4449729854119078,True,1.4449729854119078,True,1.4449729854119078,True,1.4449729854119078,True,1.4449729854119078,True,1.3,False,1.4087297390589308,1.4156984124143583,True,True,0.75,0.7980687718172291,1.4449729854119078,clean,vpd_physical
5815,US-SRS,US-SRS,2015-06-01,0.94353132170876,1.6,1.6,-0.07025779466976789,0.07025779466976789,0.3920908384539298,0.9263555592080065,0.013667639844068416,0.015828849912512044,-0.11337590040921025,0.07025779466976789,1.324176162895606,0.43783539125619964,1.529742205330232,True,1.529742205330232,True,1.529742205330232,True,1.529742205330232,True,1.529742205330232,True,1.529742205330232,True,1.6,False,1.547306653997674,1.529742205330232,True,True,0.75,1.0,1.548427257635828,clean,vpd_physical
5817,US-SRS,US-SRS,2015-07-27,1.04373722916656,1.8,1.8,-0.9508401071389129,0.9508401071389129,0.19756806966230214,0.47484486390284014,0.0565398012552558,0.026679772613013984,-0.11525317288712789,0.561685434527967,1.324176162895606,0.43783539125619964,0.8491598928610872,True,0.8491598928610872,True,0.8491598928610872,True,0.8491598928610872,True,0.8491598928610872,True,0.8491598928610872,True,1.8,False,1.0868699196458154,1.3417394326019614,True,True,0.75,0.48195334205763496,0.8491598928610872,clean,vpd_physical
5818,US-SRS,US-SRS,2015-08-12,2.2468316470902305,1.9,1.9,0.4103275545569997,0.4103275545569997,0.10065442355594606,0.8363738632288218,-0.014002177898386665,-0.012088815125928512,-0.08549299579697096,0.28333573962346154,1.324176162895606,0.43783539125619964,2.3103275545569995,True,2.3103275545569995,True,2.3103275545569995,True,1.9,False,1.9,False,1.9,False,1.9,False,2.2077456659177495,2.1180806505687775,True,True,0.75,0.5314794196656457,2.3103275545569995,clean,vpd_physical
5821,US-SRS,US-SRS,2015-10-23,1.8317485732473933,1.8,1.8,0.0958438447049062,0.0958438447049062,0.24701290672216625,0.5638790597778461,-0.0017808388426489544,-0.008087116157875919,-0.06008637798834175,-0.03234669821011976,1.324176162895606,0.43783539125619964,1.8958438447049062,True,1.8958438447049062,True,1.8958438447049062,True,1.8,False,1.8,False,1.8,False,1.8,False,1.8718828835286796,1.8958438447049062,True,True,0.75,1.0,1.8958438447049062,clean,vpd_physical
5822,US-SRS,US-SRS,2015-10-31,1.8631305823796025,2.0,2.0,-0.017870187764830504,0.017870187764830504,0.12987161249144197,0.3837951551449968,-0.0017808388426489544,-0.008087116157875919,-0.06008637798834175,0.0178701877648305,1.324176162895606,0.43783539125619964,1.9821298122351696,True,1.9821298122351696,True,1.9821298122351696,True,2.0,False,2.0,False,2.0,False,2.0,False,1.986597359176377,1.9821298122351696,True,True,0.75,1.0,1.9821298122351696,clean,vpd_physical
5824,US-SRS,US-SRS,2015-11-24,0.7266305272968543,0.8,0.8,0.2289541157716304,0.2289541157716304,0.11344473433833303,0.7977952254319189,-0.0017808388426489544,-0.008087116157875919,-0.08760860804989462,-0.22895411577163038,1.324176162895606,0.43783539125619964,1.0289541157716304,True,1.0289541157716304,True,1.0289541157716304,True,0.8,False,0.8,False,0.8,False,0.8,False,0.9717155868287228,0.8898570154298924,True,True,0.75,0.3924673514911607,1.0289541157716304,clean,vpd_physical
5828,US-SRS,US-SRS,2016-01-11,0.8318321976989685,0.7,0.7,0.16311392823748347,0.16311392823748347,0.11745996116410731,0.3384065902183187,-0.0017808388426489544,-0.008087116157875919,-0.06008637798834175,0.10055046716045371,1.324176162895606,0.43783539125619964,0.8631139282374835,True,0.8631139282374835,True,0.8631139282374835,True,0.7,False,0.7,False,0.7,False,0.7,False,0.8223354461781125,0.8093205186325216,True,True,0.75,0.670209587947376,0.8631139282374835,clean,vpd_physical
5835,US-SRS,US-SRS,2016-05-10,1.0992885780894446,1.6,1.6,-0.10897973489024544,0.10897973489024544,0.22238638682474768,0.8120114037335104,0.010054779712497504,0.009141935386955655,-0.09121750350487148,0.10897973489024543,1.324176162895606,0.43783539125619964,1.4910202651097546,True,1.4910202651097546,True,1.4910202651097546,True,1.4910202651097546,True,1.4910202651097546,True,1.4910202651097546,True,1.6,False,1.518265198832316,1.4910202651097546,True,True,0.75,1.0,1.4910202651097546,clean,vpd_physical
5836,US-SRS,US-SRS,2016-05-18,2.038083405311561,2.1,2.1,-0.27721548346987446,0.27721548346987446,0.09646650968215133,0.5556893368976887,0.01664240426342734,0.0454092348892698,-0.04941972548815701,-0.15338229409299642,1.324176162895606,0.43783539125619964,1.8227845165301257,True,1.8227845165301257,True,1.8227845165301257,True,1.8227845165301257,True,1.8227845165301257,True,1.8227845165301257,True,2.1,False,1.8920883873975942,1.8227845165301257,True,True,0.75,1.0,1.8227845165301257,clean,vpd_physical
5840,US-SRS,US-SRS,2016-07-13,1.3227559008396272,1.4,1.4,-0.5590872431727273,0.5590872431727273,0.19238178271066217,0.5448317125027058,-0.029497985008675932,-0.018534428216846928,-0.11525317288712789,-0.40459904485198195,1.324176162895606,0.43783539125619964,0.8409127568272726,True,0.8409127568272726,True,0.8409127568272726,True,1.4,False,1.4,False,1.4,False,1.4,False,0.9806845676204544,1.4,True,False,0.75,0.0,0.7764254289637645,clean,vpd_physical
5845,US-SRS,US-SRS,2016-08-22,4.427451919444742,3.8,3.8,-0.04787957094449046,0.04787957094449046,0.17855502661604278,0.7681472670833259,0.010054779712497504,0.009141935386955655,-0.026328849161782613,-0.04787957094449047,1.324176162895606,0.43783539125619964,3.7521204290555095,True,3.7521204290555095,True,3.7521204290555095,True,3.7521204290555095,True,3.7521204290555095,True,3.7521204290555095,True,3.8,False,3.764090321791632,3.7521204290555095,True,True,0.75,1.0,3.7521204290555095,clean,vpd_physical
5860,US-SRS,US-SRS,2017-03-10,0.5606003245122615,0.9,0.9,0.27349922449704406,0.27349922449704406,0.37566881998519314,0.9559947068819877,0.02095910395515061,0.0408527586769295,-0.10653107182118804,-0.2734992244970441,1.324176162895606,0.43783539125619964,1.1734992244970441,True,1.1734992244970441,True,1.1734992244970441,True,1.1734992244970441,True,1.1734992244970441,True,1.1734992244970441,True,0.9,False,1.105124418372783,1.1734992244970441,True,True,0.75,1.0,1.1734992244970441,clean,vpd_physical
5864,US-SRS,US-SRS,2017-04-19,0.3526456143415969,1.9,1.9,0.001786458199214432,0.001786458199214432,0.3340526165809676,0.9183408725151787,0.014371479404220776,0.004585459174615354,-0.1101399672761649,-0.0017864581992144135,1.324176162895606,0.43783539125619964,1.9017864581992143,True,1.9017864581992143,True,1.9017864581992143,True,1.9017864581992143,True,1.9017864581992143,True,1.9017864581992143,True,1.9,False,1.9013398436494107,1.9017864581992143,True,True,0.75,1.0,1.9017864581992143,clean,vpd_physical
5872,US-SRS,US-SRS,2017-06-14,0.3585327696638447,1.9,1.9,-0.7272763017541527,0.7272763017541527,0.1914240705959528,0.9753327181386521,-0.017087944284745207,0.011620447210331848,-0.1427754029486807,0.7272763017541527,1.324176162895606,0.43783539125619964,1.1727236982458473,True,1.1727236982458473,True,1.1727236982458473,True,1.9,False,1.9,False,1.1727236982458473,True,1.9,False,1.3545427736843854,1.4235461603498967,True,True,0.75,0.6551208096577894,1.1779787382780156,clean,vpd_physical
5875,US-SRS,US-SRS,2017-07-16,3.517424316213202,1.6,1.6,1.1087866164368672,1.1087866164368672,0.4945626488410407,0.9836162965865421,-0.4842419195972855,-0.524009650151551,-0.5348473209654221,1.1087866164368672,1.324176162895606,0.43783539125619964,2.7087866164368672,True,1.6,False,2.7087866164368672,True,1.6,False,1.6,False,1.6,False,1.6,False,2.4315899623276502,1.858609967200359,True,True,0.75,0.23323691264547652,2.7087866164368672,clean,vpd_physical
5891,US-SRS,US-SRS,2018-02-02,0.1173360278616111,0.2,0.2,0.31209802948594006,0.31209802948594006,0.20456944394604953,0.9086415707748404,0.06593758856264975,0.05650003012708064,-0.08760860804989462,-0.31209802948594,1.324176162895606,0.43783539125619964,0.5120980294859401,True,0.5120980294859401,True,0.5120980294859401,True,0.5120980294859401,True,0.5120980294859401,True,0.5120980294859401,True,0.2,False,0.43407352211445505,0.5120980294859401,True,True,0.75,1.0,0.5120980294859401,clean,vpd_physical
5892,US-SRS,US-SRS,2018-02-09,0.2202602629786202,0.5,0.5,0.2483605966789271,0.2483605966789271,0.14722486410312005,1.0124162074752419,0.023613510285109364,0.012041516630146807,-0.08760860804989462,-0.24836059667892707,1.324176162895606,0.43783539125619964,0.7483605966789271,True,0.7483605966789271,True,0.7483605966789271,True,0.7483605966789271,True,0.7483605966789271,True,0.7483605966789271,True,0.5,False,0.6862704475091953,0.604667505324142,True,True,0.75,0.4214336200015372,0.7483605966789271,clean,vpd_physical
5897,US-SRS,US-SRS,2018-04-23,0.8903135629840849,1.2,1.2,0.06693888005563578,0.06693888005563578,0.2634596568328871,0.7491672208657555,0.010054779712497504,0.009141935386955655,-0.09121750350487148,-0.06693888005563575,1.324176162895606,0.43783539125619964,1.2669388800556358,True,1.2669388800556358,True,1.2669388800556358,True,1.2669388800556358,True,1.2669388800556358,True,1.2669388800556358,True,1.2,False,1.2502041600417269,1.2669388800556358,True,True,0.75,1.0,1.2669388800556358,clean,vpd_physical
5898,US-SRS,US-SRS,2018-05-08,0.7738043632360944,1.5,1.5,-0.11839055163030025,0.11839055163030025,0.4596759886707193,1.1478501232132037,-0.002694739815272528,-0.00586332589954374,-0.11337590040921025,0.11839055163030021,1.324176162895606,0.43783539125619964,1.3816094483696997,True,1.3816094483696997,True,1.3816094483696997,True,1.5,False,1.5,False,1.5,False,1.5,False,1.4112070862772748,1.3816094483696997,True,True,0.75,1.0,1.385631095201725,clean,vpd_physical
5918,US-SRS,US-SRS,2018-11-16,0.7526504956505632,0.7,0.7,0.02311685471598783,0.02311685471598783,0.13651214548945506,0.6516485322891797,-0.0017808388426489544,-0.008087116157875919,-0.06008637798834175,0.02311685471598783,1.324176162895606,0.43783539125619964,0.7231168547159877,True,0.7231168547159877,True,0.7231168547159877,True,0.7,False,0.7,False,0.7,False,0.7,False,0.7173376410369908,0.7231168547159877,True,True,0.75,1.0,0.7231168547159877,clean,vpd_physical
6374,US-Sne,US-Sne,2019-06-04,6.41792242783096,7.6,7.6,-0.15966726936813447,0.15966726936813447,0.3639116385553991,0.7845236146994654,-0.0710836009287196,-0.13354768721761334,-0.11333567837365345,0.15966726936813447,1.3835608760079572,0.3858440289044277,7.440332730631865,True,7.6,False,7.440332730631865,True,7.6,False,7.6,False,7.6,False,7.6,False,7.480249547973899,7.6,True,False,0.75,0.0,7.440332730631865,clean,vpd_physical
6376,US-Sne,US-Sne,2019-06-20,6.648121881169312,7.3,7.3,0.27037404055978537,0.27037404055978537,0.43999735251192684,0.9387769049588852,-0.13346975215850299,-0.20159333006548408,-0.11333567837365345,-0.2703740405597854,1.3835608760079572,0.3858440289044277,7.570374040559785,True,7.3,False,7.570374040559785,True,7.3,False,7.3,False,7.3,False,7.3,False,7.502780530419839,7.3,True,False,0.75,0.0,7.570374040559785,clean,vpd_physical
6471,US-Srr,US-Srr,2017-03-02,2.698889681681461,2.0,2.0,-0.31635964596453287,0.31635964596453287,0.07809821127769304,0.3693620294815029,0.002029113669283606,0.0016475879912257307,-0.096506864183379,-0.3163596459645328,1.170806805162228,0.37035210423901355,1.6836403540354672,True,1.6836403540354672,True,1.6836403540354672,True,1.6836403540354672,True,1.6836403540354672,True,1.6836403540354672,True,2.0,False,1.8418201770177336,1.8952429765951433,True,True,0.5,0.331132698942902,1.6836403540354672,clean,vpd_physical
6540,US-Tw3,US-Bi1,2014-06-30,7.15159010806767,6.2,6.2,-0.8320568933660729,0.8320568933660729,0.5971232761907704,0.8804687959571085,-0.05234232477692839,-0.05649253456215722,-0.1081172993645528,-0.8320568933660728,1.324176162895606,0.43783539125619964,5.367943106633927,True,6.2,False,5.367943106633927,True,6.2,False,6.2,False,6.2,False,6.2,False,5.575957329975445,5.4597621386162825,True,True,0.75,0.8896481325803307,5.183556453028907,clean,vpd_physical
6542,US-Tw3,US-Bi1,2014-08-01,2.5690596925874707,2.2,2.2,-1.2317094403540862,1.2317094403540862,0.2326697709036375,1.2033644700633173,0.12976718866672737,0.12810396946029298,-0.517268940669833,-1.2317094403540862,1.324176162895606,0.43783539125619964,0.9682905596459139,True,0.9682905596459139,True,2.2,False,0.9682905596459139,True,2.2,False,0.9682905596459139,True,2.2,False,1.2762179197344354,1.9574735334802342,True,True,0.75,0.19690233635787147,1.088206302464474,clean,vpd_physical
6544,US-Tw3,US-Bi1,2014-08-17,4.265856542164659,4.5,4.5,-0.8436935031104031,0.8436935031104031,0.06869414682522275,0.892404513718415,-0.03327873505374416,-0.02415707122658437,-0.04324822550209833,-0.37540658743972166,1.324176162895606,0.43783539125619964,3.656306496889597,True,3.656306496889597,True,3.656306496889597,True,4.5,False,4.5,False,4.5,False,4.5,False,3.8672298726671976,3.917803499680874,True,True,0.75,0.6900568727538744,3.656306496889597,clean,vpd_physical
6546,US-Tw3,US-Bi1,2014-09-02,4.4252159044457455,5.3,5.3,-0.37413563061148075,0.37413563061148075,0.153754605026275,0.6274606844719239,0.012185908689320991,0.01396448398419878,-0.0009427249077240774,0.3741356306114807,1.324176162895606,0.43783539125619964,4.925864369388519,True,4.925864369388519,True,4.925864369388519,True,4.925864369388519,True,4.925864369388519,True,4.925864369388519,True,5.3,False,5.01939827704139,5.056258239945793,True,True,0.75,0.6514796777196542,4.925864369388519,clean,vpd_physical
6568,US-Tw3,US-Bi1,2015-06-25,7.807120904509912,7.0,7.0,-0.0461002522825763,0.0461002522825763,0.24678570783890438,0.7908923743020201,0.0010840147686431462,-0.029233466954977597,-0.07050530836523217,-0.046100252282576304,1.324176162895606,0.43783539125619964,6.953899747717424,True,6.953899747717424,True,6.953899747717424,True,6.953899747717424,True,6.953899747717424,True,7.0,False,7.0,False,6.965424810788067,7.0,True,False,0.75,0.0,6.953899747717424,clean,vpd_physical
6576,US-Tw3,US-Bi1,2015-09-21,3.1441498107279373,2.6,2.6,-0.19100535298638288,0.19100535298638288,0.16052220827833252,0.7963706899736199,0.010054779712497504,0.009141935386955655,-0.08932238433878587,-0.19100535298638288,1.324176162895606,0.43783539125619964,2.408994647013617,True,2.408994647013617,True,2.408994647013617,True,2.408994647013617,True,2.408994647013617,True,2.408994647013617,True,2.6,False,2.4567459852602127,2.497741954068521,True,True,0.75,0.5353674351669558,2.408994647013617,clean,vpd_physical
6578,US-Tw3,US-Bi1,2015-10-15,2.570693533149049,1.2,1.2,0.6191187701058808,0.6191187701058808,0.08023499577799291,0.639051315657784,-0.10167579884204929,-0.10126615345358964,-0.1982520333609497,0.6191187701058808,1.324176162895606,0.43783539125619964,1.8191187701058809,True,1.8191187701058809,True,1.8191187701058809,True,1.2,False,1.2,False,1.2,False,1.2,False,1.6643390775794105,1.4005990240057642,True,True,0.75,0.3240073370275273,1.8191187701058809,clean,vpd_physical
6623,US-Tw3,US-Bi1,2017-06-22,4.177934935939546,4.0,4.0,-1.202088822769903,1.202088822769903,0.1843364990412656,1.2826452524917331,0.1221675492011681,0.14177157767126303,-0.23074474865581118,-1.202088822769903,1.324176162895606,0.43783539125619964,2.7979111772300973,True,2.7979111772300973,True,4.0,False,2.7979111772300973,True,4.0,False,2.7979111772300973,True,4.0,False,3.0984333829225728,3.4856621967195207,True,True,0.75,0.4278700488166265,2.7979111772300973,clean,vpd_physical
6632,US-Tw3,US-Bi1,2017-09-02,2.6034900523248963,2.7,2.7,-0.797025232623219,0.797025232623219,0.07570126588076714,0.7514621233978968,-0.03327873505374416,-0.02415707122658437,-0.09835340819929203,-0.6040053372730112,1.324176162895606,0.43783539125619964,1.9029747673767812,True,1.9029747673767812,True,1.9029747673767812,True,2.7,False,2.7,False,2.7,False,2.7,False,2.102231075532586,2.1611736921002795,True,True,0.75,0.6760467370980237,1.9029747673767812,clean,vpd_physical
6791,US-Twt,US-Bi1,2015-03-05,2.155235133233566,2.0,2.0,-0.1399445400409972,0.1399445400409972,0.10319135924259966,0.31712496469284057,-0.0017808388426489544,-0.008087116157875919,-0.05588655028668447,-0.1399445400409972,1.324176162895606,0.43783539125619964,1.860055459959003,True,1.860055459959003,True,1.860055459959003,True,2.0,False,2.0,False,2.0,False,2.0,False,1.895041594969252,1.8827674676179948,True,True,0.75,0.8377070827319264,1.860055459959003,clean,vpd_physical
6846,US-Twt,US-Bi1,2016-12-04,0.6085323640189496,1.0,1.0,0.1268932269374272,0.1268932269374272,0.20948165753680217,0.38258237651661947,-0.0017808388426489544,-0.008087116157875919,-0.06008637798834175,-0.12689322693742722,1.324176162895606,0.43783539125619964,1.1268932269374272,True,1.1268932269374272,True,1.1268932269374272,True,1.0,False,1.0,False,1.0,False,1.0,False,1.0951699202030705,1.1228652033446307,True,True,0.75,0.9682565910725653,1.1268932269374272,clean,vpd_physical
6848,US-Twt,US-Bi1,2017-02-14,1.364372980894199,1.4,1.4,-0.08263723877672458,0.08263723877672458,0.1546965481922087,0.5138882941323362,-0.0017808388426489544,-0.008087116157875919,-0.06008637798834175,-0.011383200565122542,1.324176162895606,0.43783539125619964,1.3173627612232752,True,1.3173627612232752,True,1.3173627612232752,True,1.4,False,1.4,False,1.4,False,1.4,False,1.3380220709174564,1.3173627612232752,True,True,0.75,1.0,1.3173627612232752,clean,vpd_physical
6855,US-Var,US-Var,2003-12-18,0.2584941716149348,0.6,0.6,0.2698065225621103,0.2698065225621103,0.1419222116027961,0.2662147374736853,-0.01857377585108407,-0.0002460400301495054,-0.03959924922121126,-0.26980652256211024,1.3878918997729304,0.3642006461408221,0.8698065225621103,True,0.8698065225621103,True,0.8698065225621103,True,0.6,False,0.6,False,0.6,False,0.6,False,0.7349032612810551,0.6968830502090716,True,True,0.5,0.3590834250004793,0.8698065225621103,clean,vpd_physical
6856,US-Var,US-Var,2004-01-11,0.4783743746683724,0.4,0.4,0.22134806814903807,0.22134806814903807,0.07580247553482228,0.42966997997241413,0.00808251642917717,0.02300685034721084,-0.03959924922121126,-0.0645993188122933,1.3878918997729304,0.3642006461408221,0.6213480681490381,True,0.6213480681490381,True,0.6213480681490381,True,0.6213480681490381,True,0.6213480681490381,True,0.6213480681490381,True,0.4,False,0.5106740340745191,0.5935463380492636,True,True,0.5,0.8743981353338259,0.6213480681490381,clean,vpd_physical
6871,US-Var,US-Var,2004-06-10,0.1873758528852163,1.9,1.9,0.18635536427557572,0.18635536427557572,0.15610368318558374,0.7261433401009861,-0.017744711765491812,-0.024123685369932372,-0.027524535041097458,-0.18635536427557575,1.3878918997729304,0.3642006461408221,2.0863553642755757,True,2.0863553642755757,True,2.0863553642755757,True,1.9,False,1.9,False,1.9,False,1.9,False,1.9931776821377878,1.9426883847809926,True,True,0.5,0.22906979333241295,2.0863553642755757,clean,vpd_physical
6872,US-Var,US-Var,2004-06-11,0.1618628707027923,1.6,1.6,0.23484565577960628,0.23484565577960628,0.1109088178674391,0.8630634223530448,-0.017744711765491812,-0.024123685369932372,-0.02831849947114197,-0.23484565577960637,1.3878918997729304,0.3642006461408221,1.8348456557796065,True,1.8348456557796065,True,1.8348456557796065,True,1.6,False,1.6,False,1.6,False,1.6,False,1.7174228278898032,1.6374544945700729,True,True,0.5,0.15948557551868153,1.8348456557796065,clean,vpd_physical
6890,US-Var,US-Var,2004-09-30,0.0387443620762371,0.4,0.4,0.09177517432829806,0.09177517432829806,0.2617687558729069,0.5754530462179264,0.022230498058502985,0.031250987231989096,-0.02279799213262017,-0.09177517432829807,1.3878918997729304,0.3642006461408221,0.4917751743282981,True,0.4917751743282981,True,0.4917751743282981,True,0.4917751743282981,True,0.4917751743282981,True,0.4917751743282981,True,0.4,False,0.44588758716414906,0.4917751743282981,True,True,0.5,1.0,0.4917751743282981,clean,vpd_physical
6896,US-Var,US-Var,2004-11-02,0.6327626070372714,0.8,0.8,0.3362010140020315,0.3362010140020315,0.08290515944094666,0.3825216702447489,-0.01655043513220505,-0.028345459331662746,-0.04822705933332464,-0.3362010140020315,1.3878918997729304,0.3642006461408221,1.1362010140020316,True,1.1362010140020316,True,1.1362010140020316,True,0.8,False,0.8,False,0.8,False,0.8,False,0.9681005070010158,0.8822068737902338,True,True,0.5,0.24451703108110484,1.1362010140020316,clean,vpd_physical
6907,US-Var,US-Var,2005-04-27,2.129568350606754,4.3,4.3,-0.7417707697500391,0.7417707697500391,0.0240045590790248,0.6924134602958466,-0.038249849720463,0.03474562057628888,-0.03932616864359997,0.7417707697500391,1.3878918997729304,0.3642006461408221,3.5582292302499607,True,3.5582292302499607,True,3.5582292302499607,True,4.3,False,4.3,False,3.5582292302499607,True,4.3,False,3.9291146151249805,3.868795898163828,True,True,0.5,0.5813171931558833,3.5582292302499607,clean,vpd_physical
6948,US-Var,US-Var,2005-12-23,0.3428610588547888,0.2,0.2,0.325348117203774,0.325348117203774,0.09268146511710068,0.605994809604618,0.05694869144901847,0.08264429930075409,-0.024953577820154053,-0.03962599949419643,1.3878918997729304,0.3642006461408221,0.525348117203774,True,0.525348117203774,True,0.525348117203774,True,0.525348117203774,True,0.525348117203774,True,0.525348117203774,True,0.2,False,0.362674058601887,0.34010444736980927,True,True,0.5,0.43062934734015434,0.525348117203774,clean,vpd_physical
6950,US-Var,US-Var,2006-01-15,0.7075643913706647,0.2,0.2,0.2587265651979647,0.2587265651979647,0.09661363640329397,0.4486840880967007,0.03570531575217588,0.05567170118121959,-0.03959924922121126,0.2587265651979647,1.3878918997729304,0.3642006461408221,0.45872656519796473,True,0.45872656519796473,True,0.45872656519796473,True,0.45872656519796473,True,0.45872656519796473,True,0.45872656519796473,True,0.2,False,0.3293632825989824,0.36943836231726435,True,True,0.5,0.6548935637421637,0.45872656519796473,clean,vpd_physical
6959,US-Var,US-Var,2006-04-06,2.4091180239456578,3.4,3.4,-0.07804473380240416,0.07804473380240416,0.0848046097348741,0.6336920342409513,-0.0016405520829981023,-0.0035748600420412915,-0.004888518383424293,0.07804473380240418,1.3878918997729304,0.3642006461408221,3.321955266197596,True,3.321955266197596,True,3.321955266197596,True,3.4,False,3.4,False,3.4,False,3.4,False,3.360977633098798,3.3534854825373737,True,True,0.5,0.5959981563957053,3.321955266197596,clean,vpd_physical
7000,US-Var,US-Var,2006-11-23,0.6889085067274808,0.2,0.2,0.28130299133752534,0.28130299133752534,0.05119513057362058,0.4072138612711663,0.03570531575217588,0.06024558563688449,-0.03959924922121126,0.28130299133752534,1.3878918997729304,0.3642006461408221,0.48130299133752535,True,0.48130299133752535,True,0.48130299133752535,True,0.48130299133752535,True,0.48130299133752535,True,0.48130299133752535,True,0.2,False,0.3406514956687627,0.35861133391926825,True,True,0.5,0.5638451733666644,0.48130299133752535,clean,vpd_physical
7010,US-Var,US-Var,2007-01-26,0.3637194238240728,0.4,0.4,0.09406352358506248,0.09406352358506248,0.07718795007238285,0.4904605314997239,0.02345119081712799,0.031250987231989096,-0.03959924922121126,-0.09406352358506248,1.3878918997729304,0.3642006461408221,0.4940635235850625,True,0.4940635235850625,True,0.4940635235850625,True,0.4940635235850625,True,0.4940635235850625,True,0.4940635235850625,True,0.4,False,0.44703176179253123,0.4940635235850625,True,True,0.5,1.0,0.4940635235850625,clean,vpd_physical
7020,US-Var,US-Var,2007-04-01,2.8968213544371735,3.0,3.0,0.06969593519799204,0.06969593519799204,0.2046989561839613,0.4234800496564546,-0.0014460868518753403,-0.00316679228829813,-0.004888518383424293,-0.06969593519799205,1.3878918997729304,0.3642006461408221,3.069695935197992,True,3.069695935197992,True,3.069695935197992,True,3.0,False,3.0,False,3.0,False,3.0,False,3.034847967598996,3.0415386488862777,True,True,0.5,0.5959981563957053,3.069695935197992,clean,vpd_physical
7065,US-Var,US-Var,2008-01-14,0.2945851063736037,0.6,0.6,0.09213049215445772,0.09213049215445772,0.06135748777739,0.3786275276604508,0.003952571766771031,0.0110046307974447,-0.03959924922121126,-0.09213049215445773,1.3878918997729304,0.3642006461408221,0.6921304921544577,True,0.6921304921544577,True,0.6921304921544577,True,0.6921304921544577,True,0.6921304921544577,True,0.6921304921544577,True,0.6,False,0.6460652460772288,0.6921304921544577,True,True,0.5,1.0,0.6921304921544577,clean,vpd_physical
7124,US-Var,US-Var,2008-11-29,0.6019478397908812,0.7,0.7,0.26518668673447787,0.26518668673447787,0.061402871707275396,0.2562791183833407,-0.01319295699333402,-0.004398155540799681,-0.03959924922121126,-0.26518668673447787,1.3878918997729304,0.3642006461408221,0.9651866867344778,True,0.9651866867344778,True,0.9651866867344778,True,0.7,False,0.7,False,0.7,False,0.7,False,0.8325933433672389,0.8002969124066333,True,True,0.5,0.37821247228393884,0.9651866867344778,clean,vpd_physical
7256,US-Var,US-Var,2011-07-16,0.2756016785181201,2.0,2.0,0.31430714169162227,0.31430714169162227,0.18885486623444278,0.8526383273029536,-0.03899340936277056,-0.03340170190210693,-0.02321568674203413,-0.3143071416916221,1.3878918997729304,0.3642006461408221,2.3143071416916223,True,2.3143071416916223,True,2.3143071416916223,True,2.0,False,2.0,False,2.0,False,2.0,False,2.157153570845811,2.0303982052607608,True,True,0.5,0.09671496834960712,2.3143071416916223,clean,vpd_physical
7283,US-Var,US-Var,2012-01-16,0.3113394944502144,0.2,0.2,0.1387363613239703,0.1387363613239703,0.029457759989094997,0.4058458429476707,0.0510739901401267,0.06217485337439782,-0.03959924922121126,0.08394262757645851,1.3878918997729304,0.3642006461408221,0.33873636132397034,True,0.33873636132397034,True,0.33873636132397034,True,0.33873636132397034,True,0.33873636132397034,True,0.33873636132397034,True,0.2,False,0.26936818066198515,0.33873636132397034,True,True,0.5,1.0,0.33873636132397034,clean,vpd_physical
7330,US-Var,US-Var,2013-06-27,0.7757405234254812,0.2,0.2,0.6812016254414841,0.6812016254414841,0.21900407174803388,0.8145744268258813,0.20650676604097146,0.206158357365668,-0.08502462637510784,0.4702794214094781,1.3878918997729304,0.3642006461408221,0.8812016254414841,True,0.8812016254414841,True,0.8812016254414841,True,0.8812016254414841,True,0.8812016254414841,True,0.8812016254414841,True,0.2,False,0.540600812720742,0.8010265777739014,True,True,0.5,0.8823034991796715,0.8812016254414841,clean,vpd_physical
7331,US-Var,US-Var,2013-06-28,0.6551469789173757,1.3,1.3,-0.07327818464559661,0.07327818464559661,0.17218972606189312,0.8411691398677175,0.0012065916027492606,-0.017597598625545337,-0.02831849947114197,0.07327818464559666,1.3878918997729304,0.3642006461408221,1.2267218153544035,True,1.2267218153544035,True,1.2267218153544035,True,1.2267218153544035,True,1.2267218153544035,True,1.3,False,1.3,False,1.2633609076772017,1.2267218153544035,True,True,0.5,1.0,1.2267218153544035,clean,vpd_physical
7351,US-Var,US-Var,2013-10-01,0.3003795691453983,0.1,0.1,0.12654185599281606,0.12654185599281606,0.279035586134064,0.6002387234469908,0.06789076756369467,0.06734528240621887,-0.02279799213262017,0.12654185599281606,1.3878918997729304,0.3642006461408221,0.22654185599281607,True,0.22654185599281607,True,0.22654185599281607,True,0.22654185599281607,True,0.22654185599281607,True,0.22654185599281607,True,0.1,False,0.16327092799640802,0.22654185599281607,True,True,0.5,1.0,0.22654185599281607,clean,vpd_physical
7381,US-Var,US-Var,2014-05-05,2.365532898134825,4.0,4.0,-0.5062844621124997,0.5062844621124997,0.12656692577090062,0.43173290209944054,0.01577273128643304,0.01911215399243639,-0.008876005449853685,0.5062844621124998,1.3878918997729304,0.3642006461408221,3.4937155378875002,True,3.4937155378875002,True,3.4937155378875002,True,3.4937155378875002,True,3.4937155378875002,True,3.4937155378875002,True,4.0,False,3.7468577689437503,3.76161333916579,True,True,0.5,0.47085517860755294,3.4937155378875002,clean,vpd_physical
7394,US-Var,US-Var,2014-07-09,-0.0294977026258036,2.1,2.1,0.12108038590747759,0.12108038590747759,0.07282378702112616,0.7619761039820342,-0.0005991830053867699,-0.0041470145760231026,-0.008876005449853685,-0.1210803859074776,1.3878918997729304,0.3642006461408221,2.2210803859074777,True,2.2210803859074777,True,2.2210803859074777,True,2.1,False,2.1,False,2.1,False,2.1,False,2.160540192953739,2.1506565362068804,True,True,0.5,0.4183711162399922,2.2210803859074777,clean,vpd_physical
7404,US-Var,US-Var,2014-09-03,0.0376517629660576,1.4,1.4,0.0623429987903417,0.0623429987903417,0.13372148618878194,0.7157158270132319,-0.00025756530896687267,0.006165613971294763,-0.02831849947114197,-0.062342998790341664,1.3878918997729304,0.3642006461408221,1.4623429987903416,True,1.4623429987903416,True,1.4623429987903416,True,1.4,False,1.4,False,1.4623429987903416,True,1.4,False,1.4311714993951707,1.4623429987903416,True,True,0.5,1.0,1.4623429987903416,clean,vpd_physical
7412,US-Var,US-Var,2014-10-21,0.2468802691662389,0.7,0.7,0.2084611145256685,0.2084611145256685,0.14817466211157,0.5368846549512817,-0.01319295699333402,-0.008972039996464573,-0.03959924922121126,-0.20846111452566857,1.3878918997729304,0.3642006461408221,0.9084611145256685,True,0.9084611145256685,True,0.9084611145256685,True,0.7,False,0.7,False,0.7,False,0.7,False,0.8042305572628342,0.8201171499319302,True,True,0.5,0.5762089021026502,0.9084611145256685,clean,vpd_physical
7428,US-Var,US-Var,2015-04-14,3.490734102239384,1.7,1.7,0.41896444221845314,0.41896444221845314,0.1197859944925308,0.5254421134551193,-0.036441187642548264,-0.03299058657998227,-0.06308397660982963,0.4189644422184531,1.3878918997729304,0.3642006461408221,2.118964442218453,True,2.118964442218453,True,2.118964442218453,True,1.7,False,1.7,False,1.7,False,1.7,False,1.9094822211092266,1.806586040986478,True,True,0.5,0.2544035489553617,2.118964442218453,clean,vpd_physical
7446,US-Var,US-Var,2015-08-21,0.0309283585169906,1.4,1.4,0.14497646873029682,0.14497646873029682,0.19285090633783247,0.7911646884766781,0.009343091786630389,0.00442462927969473,-0.02831849947114197,-0.1449764687302968,1.3878918997729304,0.3642006461408221,1.5449764687302967,True,1.5449764687302967,True,1.5449764687302967,True,1.5449764687302967,True,1.5449764687302967,True,1.5449764687302967,True,1.4,False,1.4724882343651484,1.5449764687302967,True,True,0.5,1.0,1.5449764687302967,clean,vpd_physical
7466,US-Var,US-Var,2016-04-08,2.555473228630847,3.2,3.2,0.2029878234693634,0.2029878234693634,0.03488476225520619,0.6566034270248251,-0.018786080843103143,-0.019325450366970167,-0.004888518383424293,-0.2029878234693634,1.3878918997729304,0.3642006461408221,3.4029878234693633,True,3.4029878234693633,True,3.4029878234693633,True,3.2,False,3.2,False,3.2,False,3.2,False,3.3014939117346818,3.2403533848147754,True,True,0.5,0.19879707129755905,3.4029878234693633,clean,vpd_physical
7469,US-Var,US-Var,2016-04-25,3.7286506479082,3.8,3.8,-0.5047225991173322,0.5047225991173322,0.09894676915061645,0.4787071231488912,0.021050629542024565,0.04420938289736354,-0.004888518383424293,-0.36202389493373255,1.3878918997729304,0.3642006461408221,3.2952774008826675,True,3.2952774008826675,True,3.2952774008826675,True,3.2952774008826675,True,3.2952774008826675,True,3.2952774008826675,True,3.8,False,3.547638700441334,3.56234875044534,True,True,0.5,0.47085517860755294,3.2952774008826675,clean,vpd_physical
7508,US-Var,US-Var,2016-11-02,0.8494179432283699,0.8,0.8,0.26426893692313747,0.26426893692313747,0.019917396901874114,0.29374084478329027,-0.020181640599729336,-0.004398155540799681,-0.03959924922121126,-0.16543305046639767,1.3878918997729304,0.3642006461408221,1.0642689369231375,True,1.0642689369231375,True,1.0642689369231375,True,0.8,False,0.8,False,0.8,False,0.8,False,0.9321344684615688,0.8999498079815481,True,True,0.5,0.37821247228393884,1.0642689369231375,clean,vpd_physical
7513,US-Var,US-Var,2016-12-28,0.3546920083784287,0.2,0.2,0.2348363978358894,0.2348363978358894,0.09502600021194198,0.36739605157222516,0.03570531575217588,0.05567170118121959,-0.03959924922121126,0.07454761892096795,1.3878918997729304,0.3642006461408221,0.4348363978358894,True,0.4348363978358894,True,0.4348363978358894,True,0.4348363978358894,True,0.4348363978358894,True,0.4348363978358894,True,0.2,False,0.3174181989179447,0.38614545104319886,True,True,0.5,0.7926601359865978,0.4348363978358894,clean,vpd_physical
7515,US-Var,US-Var,2017-02-14,0.7813136267268961,1.5,1.5,-0.12410834610904083,0.12410834610904083,0.02973460514930401,0.5144148703762573,0.0002534759314800937,-0.0001506546177472226,-0.03494122059858594,0.12410834610904087,1.3878918997729304,0.3642006461408221,1.3758916538909591,True,1.3758916538909591,True,1.3758916538909591,True,1.3758916538909591,True,1.3758916538909591,True,1.5,False,1.5,False,1.4379458269454797,1.3758916538909591,True,True,0.5,1.0,1.3758916538909591,clean,vpd_physical
7519,US-Var,US-Var,2017-04-19,3.1136891880495288,3.6,3.6,-0.18783160445927105,0.18783160445927105,0.18993238052362021,0.40044099196236405,-0.0014460868518753403,-0.00316679228829813,-0.004888518383424293,0.18783160445927105,1.3878918997729304,0.3642006461408221,3.412168395540729,True,3.412168395540729,True,3.412168395540729,True,3.6,False,3.6,False,3.6,False,3.6,False,3.5060841977703645,3.5569734531852193,True,True,0.5,0.22906979333241295,3.412168395540729,clean,vpd_physical
7520,US-Var,US-Var,2017-04-20,3.2791050099290766,4.6,4.6,-0.5688462657989444,0.5688462657989444,0.15256806922216717,0.5132232706510157,-0.012765911328087876,0.025673717499672722,-0.03932616864359997,0.5688462657989444,1.3878918997729304,0.3642006461408221,4.031153734201055,True,4.031153734201055,True,4.031153734201055,True,4.6,False,4.6,False,4.031153734201055,True,4.6,False,4.3155768671005275,4.256839152028686,True,True,0.5,0.6032576261871816,4.031153734201055,clean,vpd_physical
7559,US-Var,US-Var,2017-11-22,0.4053712060133225,0.3,0.3,0.2967583924295239,0.2967583924295239,0.07178784304637421,0.5660481431094879,0.029325892126019767,0.04223672285483443,-0.03142580224473355,-0.08601598040287889,1.3878918997729304,0.3642006461408221,0.5967583924295239,True,0.5967583924295239,True,0.5967583924295239,True,0.5967583924295239,True,0.5967583924295239,True,0.5967583924295239,True,0.3,False,0.44837919621476197,0.45218403551440983,True,True,0.5,0.5128213368070171,0.5967583924295239,clean,vpd_physical
7560,US-Var,US-Var,2017-11-30,0.3654511924078329,0.6,0.6,0.3137883698845674,0.3137883698845674,0.1234821454010143,0.33246778009886324,-0.01857377585108407,0.022152673633720116,-0.04822705933332464,-0.31378836988456743,1.3878918997729304,0.3642006461408221,0.9137883698845674,True,0.9137883698845674,True,0.9137883698845674,True,0.6,False,0.6,False,0.9137883698845674,True,0.6,False,0.7568941849422837,0.6902138343957475,True,True,0.5,0.2874989740025554,0.9137883698845674,clean,vpd_physical
7597,US-Var,US-Var,2018-08-28,0.0167529531672695,1.0,1.0,0.24148119524948378,0.24148119524948378,0.15126114626921083,0.8617138475726766,-0.007144243267730553,-0.013811056822614498,-0.02433101240471258,-0.24148119524948386,1.3878918997729304,0.3642006461408221,1.2414811952494837,True,1.2414811952494837,True,1.2414811952494837,True,1.0,False,1.0,False,1.0,False,1.0,False,1.120740597624742,1.1083577199292394,True,True,0.5,0.4487211512154841,1.2414811952494837,clean,vpd_physical
7616,US-Var,US-Var,2018-12-11,0.3311594582701725,1.0,1.0,0.20646216470600773,0.20646216470600773,0.08330959629647809,0.3466471631622784,-0.01655043513220505,-0.011227414279605883,-0.03494122059858594,-0.20646216470600776,1.3878918997729304,0.3642006461408221,1.2064621647060076,True,1.2064621647060076,True,1.2064621647060076,True,1.0,False,1.0,False,1.0,False,1.0,False,1.1032310823530038,1.122009336015664,True,True,0.5,0.5909525175685306,1.2231454151367396,clean,vpd_physical
7617,US-Var,US-Var,2018-12-26,0.4533914254438337,0.3,0.3,0.13577171855294923,0.13577171855294923,0.06763086486709996,0.4096809006426477,0.02345119081712799,0.02951000254038906,-0.03959924922121126,0.13577171855294923,1.3878918997729304,0.3642006461408221,0.4357717185529492,True,0.4357717185529492,True,0.4357717185529492,True,0.4357717185529492,True,0.4357717185529492,True,0.4357717185529492,True,0.3,False,0.3678858592764746,0.4357717185529492,True,True,0.5,1.0,0.4357717185529492,clean,vpd_physical
7628,US-Var,US-Var,2019-06-04,3.412656492913412,4.8,4.8,0.2526496012244776,0.2526496012244776,0.08152066742393763,0.7972807468209768,-0.012674541934758978,-0.021193768263251915,0.0343822793015597,-0.25264960122447766,1.3878918997729304,0.3642006461408221,5.052649601224477,True,5.052649601224477,True,5.052649601224477,True,4.8,False,4.8,False,4.8,False,5.052649601224477,True,4.926324800612239,4.868658040477427,True,True,0.5,0.27175202392828934,5.052649601224477,clean,vpd_physical
7870,US-xSL,US-xSL,2018-05-20,2.9832440612990454,3.0,3.0,-0.36178063128693844,0.36178063128693844,0.11444205578854472,0.4970521606304651,0.045106439352295524,0.004186573781590638,0.02071569682402651,-0.32826875388502924,1.4316136990994175,0.35131768539553043,2.6382193687130617,True,2.6382193687130617,True,2.6382193687130617,True,2.6382193687130617,True,2.6382193687130617,True,2.6382193687130617,True,2.6382193687130617,True,2.8191096843565306,2.817910477440269,True,True,0.5,0.5033147349873207,2.6382193687130617,clean,vpd_physical
7878,US-xUN,US-xUN,2018-06-13,8.089098251701056,5.3,5.3,-0.475963461834946,0.475963461834946,0.18558166844537177,0.4756370981230386,0.04697414360560193,0.04408043178262633,-0.008730038069840492,-0.475963461834946,1.3492381330451246,0.4048384092005496,4.824036538165053,True,4.824036538165053,True,4.824036538165053,True,4.824036538165053,True,4.824036538165053,True,4.824036538165053,True,5.3,False,5.062018269082527,4.963213491694176,True,True,0.5,0.7075889964482489,4.824036538165053,clean,vpd_physical
7891,manilacotton,manilacotton,2016-05-15,3.6422317700002327,2.9,2.9,-20.961629800273766,20.961629800273766,39.39887929274333,100.30906000583943,0.9309785533682399,1.018568928034425,-9.000041059034249,-20.96162980027377,1.170806805162228,0.37035210423901355,-18.061629800273767,True,2.9,False,2.9,False,-18.061629800273767,True,2.9,False,-18.061629800273767,True,2.9,False,-7.5808149001368825,-13.976206553502626,True,True,0.5,0.8050999237321812,1.3744525191259094,clean,actual_vapor_pressure;vpd_physical
7892,manilacotton,manilacotton,2016-06-08,4.053291908774174,3.2,3.2,-30.488006846839074,30.488006846839074,56.768609171185396,146.911658088639,1.0347810645685225,1.1062330656894113,-9.19341850906186,-30.488006846839074,1.170806805162228,0.37035210423901355,-27.288006846839075,True,3.2,False,3.2,False,-27.288006846839075,True,3.2,False,-27.288006846839075,True,3.2,False,-12.044003423419536,-21.903057344785246,True,True,0.5,0.8233748263995773,1.3214962793460616,clean,actual_vapor_pressure;vpd_physical
7893,manilacotton,manilacotton,2016-06-16,1.5070456629946214,1.6,1.6,-25.533448551283218,25.533448551283218,46.72922369869704,122.36130106828361,0.30251838276014653,0.27462403984589245,-9.332923763693202,-25.347539877272464,1.170806805162228,0.37035210423901355,-23.933448551283217,True,1.6,False,1.6,False,-23.933448551283217,True,1.6,False,-23.933448551283217,True,1.6,False,-11.16672427564161,-13.997869348220133,True,True,0.5,0.610879854982857,-0.08358497391717612,clean,actual_vapor_pressure;vpd_physical
7894,manilacotton,manilacotton,2016-07-18,6.319578440706649,5.6,5.6,-14.14842377284638,14.14842377284638,22.352641169207967,51.972523756001976,0.3574142207989266,0.5323088949575306,-9.19341850906186,-14.148423772846382,1.170806805162228,0.37035210423901355,-8.54842377284638,True,5.6,False,5.6,False,-8.54842377284638,True,5.6,False,-8.54842377284638,True,5.6,False,-1.4742118864231903,-5.412249244049663,True,True,0.5,0.7783375322121991,4.433982489893015,clean,actual_vapor_pressure;vpd_physical
7895,manilacotton,manilacotton,2016-07-26,6.982233604557017,6.2,6.2,-25.654635860908424,25.654635860908424,44.84389406076027,111.83444510047255,0.3574142207989266,0.5095064770145639,-9.19341850906186,-25.654635860908424,1.170806805162228,0.37035210423901355,-19.454635860908425,True,6.2,False,6.2,False,-19.454635860908425,True,6.2,False,-19.454635860908425,True,6.2,False,-6.627317930454212,-14.542085631423696,True,True,0.5,0.8085121825108307,5.256483815109818,clean,actual_vapor_pressure;vpd_physical
7896,manilacotton,manilacotton,2016-08-03,6.100321812592447,4.2,4.2,-22.05103189264067,22.05103189264067,38.74391582634667,98.18805457925184,1.0512269337992846,1.1300512480151073,-9.000041059034249,-22.051031892640673,1.170806805162228,0.37035210423901355,-17.85103189264067,True,4.2,False,4.2,False,-17.85103189264067,True,4.2,False,-17.85103189264067,True,4.2,False,-6.825515946320334,-14.491326978790593,True,True,0.5,0.8476395603522142,2.6457954514110673,clean,actual_vapor_pressure;vpd_physical
7897,manilacotton,manilacotton,2016-08-27,4.731678379279972,3.5,3.5,-18.678177979719262,18.678177979719262,32.56326176448089,82.91182365077411,1.0512269337992846,1.1300512480151073,-9.000041059034249,-18.678177979719262,1.170806805162228,0.37035210423901355,-15.178177979719262,True,3.5,False,3.5,False,-15.178177979719262,True,3.5,False,-15.178177979719262,True,3.5,False,-5.839088989859631,-12.591078494369572,True,True,0.5,0.8614908002183747,1.7537617901487261,clean,actual_vapor_pressure;vpd_physical
7898,manilacotton,manilacotton,2016-09-12,3.36873122750255,4.5,4.5,-26.030609533611756,26.030609533611756,46.99713269142776,120.66913107801345,1.0512269337992846,1.1062330656894113,-9.000041059034249,-23.768071988616857,1.170806805162228,0.37035210423901355,-21.530609533611756,True,4.5,False,4.5,False,-21.530609533611756,True,4.5,False,-21.530609533611756,True,4.5,False,-8.515304766805878,-17.564574420770825,True,True,0.5,0.8476395603522142,3.0909004283095163,clean,actual_vapor_pressure;vpd_physical
7899,manilacotton,manilacotton,2016-09-20,3.428374511699525,3.5,3.5,-21.68906283486174,21.68906283486174,38.403959427270365,99.13066928733541,1.0512269337992846,1.1300512480151073,-9.000041059034249,-21.545811858260787,1.170806805162228,0.37035210423901355,-18.18906283486174,True,3.5,False,3.5,False,-18.18906283486174,True,3.5,False,-18.18906283486174,True,3.5,False,-7.34453141743087,-14.976083513745802,True,True,0.5,0.8518617726556824,1.7724807712292006,clean,actual_vapor_pressure;vpd_physical
7900,manilacotton,manilacotton,2016-09-28,4.1392704816277455,3.4,3.4,-26.67182868914104,26.67182868914104,49.001450268833246,128.16603176013047,1.0512269337992846,1.1062330656894113,-9.053807292333037,-26.67182868914104,1.170806805162228,0.37035210423901355,-23.271828689141042,True,3.4,False,3.4,False,-23.271828689141042,True,3.4,False,-23.271828689141042,True,3.4,False,-9.93591434457052,-19.114086382841634,True,True,0.5,0.8441148391151688,1.9642393315182132,clean,actual_vapor_pressure;vpd_physical
7901,manilacotton,manilacotton,2016-10-06,2.3644941387919145,2.2,2.2,-32.928006061946306,32.928006061946306,61.05386997559449,162.53280100213655,0.9192878316514617,1.018568928034425,-9.05033078699442,-32.928006061946306,1.170806805162228,0.37035210423901355,-30.728006061946306,True,2.2,False,2.2,False,-30.728006061946306,True,2.2,False,-30.728006061946306,True,2.2,False,-14.264003030973154,-24.055244094542246,True,True,0.5,0.7973529901916676,0.6999285962797606,clean,actual_vapor_pressure;vpd_physical
7902,manilacotton,manilacotton,2016-10-22,1.7731925080383268,1.5,1.5,-14.246046934494208,14.246046934494208,26.29935186028601,68.97818597718171,0.942557362895691,1.0385162862880777,-9.193312546964378,-14.246046934494206,1.170806805162228,0.37035210423901355,-12.746046934494208,True,1.5,False,1.5,False,-12.746046934494208,True,1.5,False,-12.746046934494208,True,1.5,False,-5.623023467247104,-9.90736757798999,True,True,0.5,0.8007391545488404,0.5294638300562203,clean,actual_vapor_pressure;vpd_physical
7903,manilacotton,manilacotton,2016-10-30,2.1269563356202417,2.3,2.3,-20.469836898914533,20.469836898914533,36.67697695901964,97.15866419102626,0.9192878316514617,1.018568928034425,-9.05033078699442,-20.123749570155017,1.170806805162228,0.37035210423901355,-18.169836898914532,True,2.3,False,2.3,False,-18.169836898914532,True,2.3,False,-18.169836898914532,True,2.3,False,-7.934918449457267,-14.09099989218948,True,True,0.5,0.8007391545488404,1.2450458781778166,clean,actual_vapor_pressure;vpd_physical
7904,manilacotton,manilacotton,2017-05-26,7.891940078884832,3.7,3.7,-28.344093960889392,28.344093960889392,52.22825810711234,135.04871432827917,1.0512269337992846,1.1062330656894113,-9.000041059034249,-28.34409396088939,1.170806805162228,0.37035210423901355,-24.644093960889393,True,3.7,False,3.7,False,-24.644093960889393,True,3.7,False,-24.644093960889393,True,3.7,False,-10.472046980444695,-20.22567031366138,True,True,0.5,0.8441148391151688,2.3748335918442622,clean,actual_vapor_pressure;vpd_physical
7905,manilacotton,manilacotton,2017-06-11,5.090500026527342,2.4,2.4,-14.816878874134224,14.816878874134224,25.99740721886968,65.09754947412516,0.30251838276014653,0.27462403984589245,-9.243708237022032,-14.816878874134222,1.170806805162228,0.37035210423901355,-12.416878874134223,True,2.4,False,2.4,False,-12.416878874134223,True,2.4,False,-12.416878874134223,True,2.4,False,-5.008439437067112,-6.6513328179296725,True,True,0.5,0.610879854982857,0.5576828870118826,clean,actual_vapor_pressure;vpd_physical
7906,manilacotton,manilacotton,2017-06-19,5.8305606805498025,2.2,2.2,-30.46282317805092,30.46282317805092,57.307198877798584,149.51319879586026,0.35036211720394783,0.5385587962156753,-9.243708237022032,-30.46282317805092,1.170806805162228,0.37035210423901355,-28.262823178050922,True,2.2,False,2.2,False,-28.262823178050922,True,2.2,False,-28.262823178050922,True,2.2,False,-13.03141158902546,-21.552737919663915,True,True,0.5,0.7797287132854529,0.472157709286382,clean,actual_vapor_pressure;vpd_physical
7907,manilacotton,manilacotton,2017-06-27,5.720298502633835,3.9,3.9,-18.191229069524553,18.191229069524553,32.065610468452725,80.69381387036688,1.0512269337992846,1.1062330656894113,-9.000041059034249,-18.191229069524553,1.170806805162228,0.37035210423901355,-14.291229069524553,True,3.9,False,3.9,False,-14.291229069524553,True,3.9,False,-14.291229069524553,True,3.9,False,-5.195614534762276,-11.4554863993289,True,True,0.5,0.8441148391151688,2.8041049479957234,clean,actual_vapor_pressure;vpd_physical
7908,manilacotton,manilacotton,2017-07-13,1.5797855442581796,4.1,4.1,-7.3572849491297525,7.3572849491297525,10.814833892422255,22.875340720467708,1.0512269337992846,1.1062330656894113,-9.000041059034249,-2.316856037646112,1.170806805162228,0.37035210423901355,-3.257284949129753,True,4.1,False,4.1,False,-3.257284949129753,True,4.1,False,-3.257284949129753,True,4.1,False,0.4213575254351234,-2.136325779666307,True,True,0.5,0.8476395603522142,2.394433434917638,clean,actual_vapor_pressure;vpd_physical
7909,manilacotton,manilacotton,2017-07-21,6.80377370451807,5.7,5.7,-27.200864475009478,27.200864475009478,48.44192462863131,122.15962860787026,0.3574142207989266,0.5323088949575306,-9.19341850906186,-27.200864475009478,1.170806805162228,0.37035210423901355,-21.50086447500948,True,5.7,False,5.7,False,-21.50086447500948,True,5.7,False,-21.50086447500948,True,5.7,False,-7.900432237504739,-15.471453729517354,True,True,0.5,0.7783375322121991,4.5504440511528035,clean,actual_vapor_pressure;vpd_physical
7910,manilacotton,manilacotton,2017-07-29,6.2552149457129005,5.6,5.6,-27.98825563544362,27.98825563544362,49.75152377407448,125.91481438713981,0.9098940660156783,1.0123190267762803,-9.000041059034249,-27.988255635443622,1.170806805162228,0.37035210423901355,-22.38825563544362,True,5.6,False,5.6,False,-22.38825563544362,True,5.6,False,-22.38825563544362,True,5.6,False,-8.39412781772181,-16.22411664927894,True,True,0.5,0.7797598011660802,4.305904972626056,clean,actual_vapor_pressure;vpd_physical
7911,manilacotton,manilacotton,2017-09-07,3.1575807159595395,3.7,3.7,-8.360538243740535,8.360538243740535,12.70847611856578,29.44178628575987,1.0512269337992846,1.1300512480151073,-9.000041059034249,-7.275699675659613,1.170806805162228,0.37035210423901355,-4.660538243740535,True,3.7,False,3.7,False,-4.660538243740535,True,3.7,False,-4.660538243740535,True,3.7,False,-0.4802691218702675,-3.502526781856358,True,True,0.5,0.8614908002183747,1.8762587528143095,clean,actual_vapor_pressure;vpd_physical
7912,manilacotton,manilacotton,2017-09-15,3.993010112320248,4.4,4.4,-13.023140326028276,13.023140326028276,21.594283209508472,52.941388762921974,1.0512269337992846,1.1300512480151073,-9.000041059034249,-12.20916055066877,1.170806805162228,0.37035210423901355,-8.623140326028276,True,4.4,False,4.4,False,-8.623140326028276,True,4.4,False,-8.623140326028276,True,4.4,False,-2.1115701630141377,-6.679480271733576,True,True,0.5,0.8507533509095293,2.7794808256688315,clean,actual_vapor_pressure;vpd_physical
7913,manilacotton,manilacotton,2017-10-09,5.259466641222276,2.8,2.8,-21.78399182823459,21.78399182823459,39.73181060926593,104.24352148124953,0.9309785533682399,1.018568928034425,-9.000041059034249,-21.78399182823459,1.170806805162228,0.37035210423901355,-18.98399182823459,True,2.8,False,2.8,False,-18.98399182823459,True,2.8,False,-18.98399182823459,True,2.8,False,-8.091995914117295,-14.643295199239414,True,True,0.5,0.8007391545488404,1.328797160485544,clean,actual_vapor_pressure;vpd_physical
7914,manilacotton,manilacotton,2017-10-25,2.1128651305843142,2.1,2.1,-9.080085997776797,9.080085997776797,14.951825452297014,39.290766800769426,0.942557362895691,1.0385162862880777,-9.05033078699442,-9.080085997776797,1.170806805162228,0.37035210423901355,-6.980085997776797,True,2.1,False,2.1,False,-6.980085997776797,True,2.1,False,-6.980085997776797,True,2.1,False,-2.4400429988883983,-5.170780385090556,True,True,0.5,0.8007391545488404,1.3036088724105896,clean,actual_vapor_pressure;vpd_physical
7915,manilacotton,manilacotton,2017-11-10,2.106642068270061,0.7,0.7,-7.551985240378116,7.551985240378116,13.826894939627412,36.76532472935408,0.942557362895691,1.0385162862880777,-9.228104164040523,-7.551985240378116,1.170806805162228,0.37035210423901355,-6.851985240378116,True,0.7,False,0.7,False,-6.851985240378116,True,0.7,False,-6.851985240378116,True,0.7,False,-3.0759926201890577,-5.347170276545693,True,True,0.5,0.8007391545488404,0.2093920001216376,clean,actual_vapor_pressure;vpd_physical
7916,manilacotton,manilacotton,2018-06-06,2.470669114928881,1.8,1.8,-40.05740595730365,40.05740595730365,75.91113290888146,200.3933212391492,0.9028419624206996,1.018568928034425,-9.150929925124165,-40.05740595730365,1.170806805162228,0.37035210423901355,-38.257405957303654,True,1.8,False,1.8,False,-38.257405957303654,True,1.8,False,-38.257405957303654,True,1.8,False,-18.228702978651825,-29.309101310469494,True,True,0.5,0.776612977476076,-0.04838153523656774,clean,actual_vapor_pressure;vpd_physical
7917,manilacotton,manilacotton,2018-06-14,5.564950706518849,5.3,5.3,-27.198288748999673,27.198288748999673,48.59298123704238,122.84117710310943,0.3574142207989266,0.5323088949575306,-9.19341850906186,-27.198288748999673,1.170806805162228,0.37035210423901355,-21.898288748999672,True,5.3,False,5.3,False,-21.898288748999672,True,5.3,False,-21.898288748999672,True,5.3,False,-8.299144374499836,-16.017569436332217,True,True,0.5,0.7837834811249387,4.448783776833676,clean,actual_vapor_pressure;vpd_physical
7918,manilacotton,manilacotton,2018-07-16,6.4750302852920045,5.5,5.5,-18.773873413902383,18.773873413902383,31.867830373628827,77.62783497830742,0.9098940660156783,1.0123190267762803,-9.19341850906186,-18.773873413902383,1.170806805162228,0.37035210423901355,-13.273873413902383,True,5.5,False,5.5,False,-13.273873413902383,True,5.5,False,-13.273873413902383,True,5.5,False,-3.8869367069511913,-9.05267684319607,True,True,0.5,0.7751557988251672,4.2530795598133055,clean,actual_vapor_pressure;vpd_physical
7919,manilacotton,manilacotton,2018-07-24,6.362528723997146,5.9,5.9,-23.823648592424608,23.823648592424608,42.13114494642213,104.50637883054598,0.3574142207989266,0.5323088949575306,-9.19341850906186,-23.823648592424608,1.170806805162228,0.37035210423901355,-17.923648592424605,True,5.9,False,5.9,False,-17.923648592424605,True,5.9,False,-17.923648592424605,True,5.9,False,-6.011824296212303,-13.252624359695476,True,True,0.5,0.8039332970091569,4.795802171416432,clean,actual_vapor_pressure;vpd_physical
7920,manilacotton,manilacotton,2018-09-02,5.647297635518731,4.7,4.7,-23.261652743144477,23.261652743144477,40.89570306536888,104.29430377138712,1.0512269337992846,1.1062330656894113,-9.000041059034249,-23.261652743144477,1.170806805162228,0.37035210423901355,-18.561652743144478,True,4.7,False,4.7,False,-18.561652743144478,True,4.7,False,-18.561652743144478,True,4.7,False,-6.9308263715722385,-14.947456422559004,True,True,0.5,0.8446285670028056,3.0696725338595368,clean,actual_vapor_pressure;vpd_physical
7921,manilacotton,manilacotton,2018-09-18,2.5636559363152966,3.2,3.2,-28.141601710999822,28.141601710999822,51.03985049748534,133.67127838815296,1.0512269337992846,1.1300512480151073,-9.000041059034249,-26.868913583630416,1.170806805162228,0.37035210423901355,-24.941601710999823,True,3.2,False,3.2,False,-24.941601710999823,True,3.2,False,-24.941601710999823,True,3.2,False,-10.870800855499912,-20.772754718902494,True,True,0.5,0.8518617726556824,1.4809741322340095,clean,actual_vapor_pressure;vpd_physical
7922,manilacotton,manilacotton,2018-10-04,2.1482468186210557,2.9,2.9,-28.460635327915593,28.460635327915593,51.61160136820847,136.5547364827065,0.9309785533682399,1.018568928034425,-9.000041059034249,-26.957128965157704,1.170806805162228,0.37035210423901355,-25.560635327915595,True,2.9,False,2.9,False,-25.560635327915595,True,2.9,False,-25.560635327915595,True,2.9,False,-11.330317663957796,-19.889545070397993,True,True,0.5,0.8007391545488404,1.6948518846504448,clean,actual_vapor_pressure;vpd_physical
