condition,method,aurc_mm_day,ci95_low_mm_day,ci95_high_mm_day,bootstrap_draws,bootstrap_seed
clean,Gain,0.7861011875297695,0.6786341525446845,0.902814146476323,2000,20261004
clean,SupportGain,0.7501399916001776,0.6430032620443574,0.8651194171109701,2000,20261004
clean,MonoGain,0.7783989304196944,0.6779945683991693,0.8848555263251678,2000,20261004
clean,AugmentedGain,0.8935672045481556,0.7464952896828655,1.0607223573051594,2000,20261004
clean,TunedGain,0.8467591367551893,0.7329354977771964,0.969711986163675,2000,20261004
clean,LogisticSign,0.7894164774522809,0.6732228278990141,0.9305403000429945,2000,20261004
clean,ConformalCSR,0.6243445526136281,0.5475458427645874,0.7019430402599736,2000,20261004
wind_x0,Gain,1.3812506206388897,1.1396474106632466,1.6321104823835182,2000,20261005
wind_x0,SupportGain,0.7940260059891888,0.6941374617764834,0.9068023723940084,2000,20261005
wind_x0,MonoGain,1.302122623962684,1.054067163928889,1.5610801268785541,2000,20261005
wind_x0,AugmentedGain,0.884589453464313,0.7424058828477945,1.03454563167555,2000,20261005
wind_x0,TunedGain,1.3858945224809054,1.1455015759455989,1.6320611645790075,2000,20261005
wind_x0,LogisticSign,1.3634609162431346,1.091591366350547,1.635272196158502,2000,20261005
wind_x0,ConformalCSR,0.8753908936285335,0.7492719396830319,1.0059379980332404,2000,20261005
wind_x0.447,Gain,1.122928747611132,0.9461509323797822,1.3126475940164064,2000,20261006
wind_x0.447,SupportGain,0.9732690771486342,0.8409439203048847,1.1098448339734766,2000,20261006
wind_x0.447,MonoGain,1.0790076981757146,0.9129319121626299,1.259733405088068,2000,20261006
wind_x0.447,AugmentedGain,0.9287781584475467,0.7540302915644527,1.1570302872784486,2000,20261006
wind_x0.447,TunedGain,1.1854604905700497,0.9921395362905445,1.3908917120352573,2000,20261006
wind_x0.447,LogisticSign,1.1392200558230205,0.9322977575952907,1.372686832062534,2000,20261006
wind_x0.447,ConformalCSR,0.7660775843302414,0.6555982807129999,0.8788169223258515,2000,20261006
wind_x2.237,Gain,1.0979352887573475,0.9896461140508247,1.2069072073717646,2000,20261007
wind_x2.237,SupportGain,0.8301061554662561,0.729059734026894,0.9319134659633105,2000,20261007
wind_x2.237,MonoGain,1.002724450270376,0.9019404944593049,1.103279287441296,2000,20261007
wind_x2.237,AugmentedGain,0.9333545001324809,0.7807107670852244,1.100259096380313,2000,20261007
wind_x2.237,TunedGain,1.0739156717408842,0.9600085337285165,1.184940869020763,2000,20261007
wind_x2.237,LogisticSign,1.0334863578735807,0.9430833527257452,1.1341395376430627,2000,20261007
wind_x2.237,ConformalCSR,0.8157884222679738,0.7405291493770669,0.8990179565580421,2000,20261007
wind_x3.6,Gain,1.374955903834836,1.1886056883503962,1.5659354315433252,2000,20261008
wind_x3.6,SupportGain,0.940002945905411,0.8310245059946786,1.0586022811003175,2000,20261008
wind_x3.6,MonoGain,1.29882464024349,1.1050308128574355,1.4891449893116409,2000,20261008
wind_x3.6,AugmentedGain,1.000331567773526,0.8452206454874532,1.174693722260438,2000,20261008
wind_x3.6,TunedGain,1.3117318984502213,1.1402702600760064,1.4964988089450715,2000,20261008
wind_x3.6,LogisticSign,1.199115378094496,1.1005764858456757,1.3098546926144403,2000,20261008
wind_x3.6,ConformalCSR,0.9598217126238052,0.8765706795824172,1.0545286396669753,2000,20261008
wind_x5,Gain,1.5273764581372893,1.301926570098047,1.7616650319594327,2000,20261009
wind_x5,SupportGain,1.0466642540692326,0.9323433323085208,1.1647134870404214,2000,20261009
wind_x5,MonoGain,1.4879402824079286,1.2517943616674383,1.7273350521301947,2000,20261009
wind_x5,AugmentedGain,1.0517921543012951,0.91638702083242,1.204040272612903,2000,20261009
wind_x5,TunedGain,1.4885551886931403,1.2886920131215078,1.7106538567930034,2000,20261009
wind_x5,LogisticSign,1.277753802203563,1.1734285410596303,1.3959366232551074,2000,20261009
wind_x5,ConformalCSR,1.0438392167622736,0.952752046083064,1.1410969063551761,2000,20261009
wind_x10,Gain,1.994476475794353,1.7357312931335283,2.258448084570483,2000,20261010
wind_x10,SupportGain,1.2977042993078163,1.194388309822688,1.4226163222193673,2000,20261010
wind_x10,MonoGain,1.995677705494469,1.6884321260316146,2.27993797731605,2000,20261010
wind_x10,AugmentedGain,1.110228608919738,0.9730276126226542,1.2704032185961482,2000,20261010
wind_x10,TunedGain,1.9742929419021271,1.7252624904900786,2.2233375656039636,2000,20261010
wind_x10,LogisticSign,1.4966779158991943,1.3449375463937725,1.6747315934810698,2000,20261010
wind_x10,ConformalCSR,1.2316872907971206,1.126794420031751,1.3546182923588885,2000,20261010
temperature_plus5,Gain,0.8602503076912762,0.7519645509405245,0.982879065407802,2000,20261011
temperature_plus5,SupportGain,0.7794429798472384,0.6915836713481393,0.8773663396404351,2000,20261011
temperature_plus5,MonoGain,0.840744771930991,0.7364618715440553,0.9533585830007784,2000,20261011
temperature_plus5,AugmentedGain,0.9253522523832942,0.7723660095172994,1.09040036694145,2000,20261011
temperature_plus5,TunedGain,0.8977417234724784,0.7932046493230518,1.0073788188072683,2000,20261011
temperature_plus5,LogisticSign,0.8182225698428711,0.7336858348136222,0.9167369839808021,2000,20261011
temperature_plus5,ConformalCSR,0.6968196700324737,0.6268900260980004,0.7718309547493287,2000,20261011
temperature_plus10,Gain,1.0362225412789958,0.9182512778275014,1.161895621344756,2000,20261012
temperature_plus10,SupportGain,0.9119398004111388,0.8038460757994441,1.0573911531197884,2000,20261012
temperature_plus10,MonoGain,1.0050574755257116,0.8923958850777559,1.127771804931351,2000,20261012
temperature_plus10,AugmentedGain,1.0450042884102742,0.8871949700625488,1.2191921987517236,2000,20261012
temperature_plus10,TunedGain,1.0450630722861043,0.9281953418236508,1.177332803128018,2000,20261012
temperature_plus10,LogisticSign,0.9495500936415704,0.8607882882609837,1.0525720015999347,2000,20261012
temperature_plus10,ConformalCSR,0.8533768195361772,0.7840181650039483,0.9303352873910192,2000,20261012
temperature_plus20,Gain,1.4127384977072421,1.3077828215535001,1.529156413824938,2000,20261013
temperature_plus20,SupportGain,1.2263195586259492,1.1179654333067803,1.343121594645506,2000,20261013
temperature_plus20,MonoGain,1.389490404230378,1.283170066806468,1.5111477269530513,2000,20261013
temperature_plus20,AugmentedGain,1.2165201432736346,1.0431450799432398,1.4032928694611395,2000,20261013
temperature_plus20,TunedGain,1.34912494174948,1.2203569525273636,1.485902006936558,2000,20261013
temperature_plus20,LogisticSign,1.2948496101452653,1.2063680776282202,1.3868623943903846,2000,20261013
temperature_plus20,ConformalCSR,1.2201158685687472,1.1290627887911868,1.3128713279573674,2000,20261013
temperature_plus32,Gain,1.7325632200870302,1.622615028604559,1.8374323182219479,2000,20261014
temperature_plus32,SupportGain,1.587880184022568,1.4793912745803501,1.7073612498280568,2000,20261014
temperature_plus32,MonoGain,1.7043829488589888,1.5820211402065756,1.819457791709692,2000,20261014
temperature_plus32,AugmentedGain,1.2783570653341607,1.1032592835172284,1.4818059428108068,2000,20261014
temperature_plus32,TunedGain,1.650703718019584,1.507447110524666,1.793606765445262,2000,20261014
temperature_plus32,LogisticSign,1.7107859199070672,1.5992784793917518,1.8269428496665119,2000,20261014
temperature_plus32,ConformalCSR,1.6629235636992186,1.5411294898538157,1.7910128326288632,2000,20261014
temperature_fahrenheit_as_celsius,Gain,1.9642559197432852,1.8368887201486126,2.0944632038680853,2000,20261015
temperature_fahrenheit_as_celsius,SupportGain,1.7560591256280529,1.6255376919407378,1.9004997370343113,2000,20261015
temperature_fahrenheit_as_celsius,MonoGain,1.9462193259642924,1.8073059984590654,2.0828570769685357,2000,20261015
temperature_fahrenheit_as_celsius,AugmentedGain,1.3736366206985429,1.1835717914662411,1.588028401369275,2000,20261015
temperature_fahrenheit_as_celsius,TunedGain,1.9028895582133731,1.7445209320773203,2.0608792957399045,2000,20261015
temperature_fahrenheit_as_celsius,LogisticSign,2.06775266561095,1.9037902192246936,2.234136386864516,2000,20261015
temperature_fahrenheit_as_celsius,ConformalCSR,1.9934298611599142,1.8130812634236295,2.1724628476013432,2000,20261015
vpd_x10,Gain,4.219400313127907,3.611437337350973,4.847774742729405,2000,20261016
vpd_x10,SupportGain,1.984439559077365,1.7140602300284153,2.29561396705871,2000,20261016
vpd_x10,MonoGain,4.019343005006604,3.4316817752996576,4.641907130976989,2000,20261016
vpd_x10,AugmentedGain,1.6391523627326585,1.4175463950527256,1.9419123566984815,2000,20261016
vpd_x10,TunedGain,4.376729854760218,3.7466240377212907,5.056486314544298,2000,20261016
vpd_x10,LogisticSign,5.393632340689131,4.453971816352225,6.4490240086503885,2000,20261016
vpd_x10,ConformalCSR,4.165272522116345,3.425744749713263,4.879624055507967,2000,20261016
