condition,method,fixed_coverage,fixed_selective_mae_mm_day,fixed_end_to_end_station_macro_mae_mm_day,accepted_rows
clean,Gain,0.7558069915887121,0.7703460632169411,0.8058158972796546,6026
clean,SupportGain,0.7327977145910547,0.7567595340715231,0.8006635915460906,5835
clean,MonoGain,0.7659496914196565,0.7650314525221849,0.8106327336338198,6135
clean,AugmentedGain,0.14958152737576075,1.0816242093275545,0.8422527498064846,1056
clean,TunedGain,0.7956805815745545,0.7847538357211915,0.8120072789031236,6407
clean,LogisticSign,0.44320965075809227,0.7690689751572132,0.8175418864335328,3609
clean,ConformalCSR,0.6039671053253212,0.670827900113868,0.8101346142445838,5223
wind_x0,Gain,0.7065021830213329,1.1168940544362835,1.0459153912302386,5994
wind_x0,SupportGain,0.05870213978415615,0.5446506805745861,0.858048824898049,632
wind_x0,MonoGain,0.5642211981152264,1.1404835833319478,1.0209121026246775,5000
wind_x0,AugmentedGain,0.035756695426872036,1.0905637313503138,0.8551499860542694,182
wind_x0,TunedGain,0.7384554549161086,1.1305453826689305,1.0485710046290777,5925
wind_x0,LogisticSign,0.6725580394436309,1.1280818738433438,1.0550852824724637,5608
wind_x0,ConformalCSR,0.5522972474889041,0.9133286691951626,0.961450182387003,4833
wind_x0.447,Gain,0.7299442746231609,0.9250710942652387,0.9349426313090741,6143
wind_x0.447,SupportGain,0.6682606907244976,0.8957261600577188,0.9102458332713987,5562
wind_x0.447,MonoGain,0.7046382677608132,0.8993639031196019,0.9229083608728905,5820
wind_x0.447,AugmentedGain,0.10871189883381764,1.2265279289535616,0.8576676639032912,669
wind_x0.447,TunedGain,0.728119595210921,0.9785320165243975,0.9372608571764245,5842
wind_x0.447,LogisticSign,0.6133341754598527,0.9543517634853462,0.9470114466871887,5166
wind_x0.447,ConformalCSR,0.6003420537750763,0.8242139970293775,0.8961599017838292,5142
wind_x2.237,Gain,0.7812711179995754,0.9662756272110075,0.9604519784125268,6331
wind_x2.237,SupportGain,0.3293305702108214,0.7458197225906164,0.8825039943868795,3067
wind_x2.237,MonoGain,0.6142259238076179,0.9104357765192723,0.9145101429836499,5214
wind_x2.237,AugmentedGain,0.0624747625504678,1.3743542420446975,0.8533369453737238,383
wind_x2.237,TunedGain,0.8116708620845745,0.943020159458795,0.9545002341103204,6633
wind_x2.237,LogisticSign,0.4226571798316449,1.0799519599567253,0.9546350983710056,3485
wind_x2.237,ConformalCSR,0.5340000303301398,0.8641511590909914,0.9127027592222522,4711
wind_x3.6,Gain,0.8472413580187382,1.1427619930314674,1.0941334364804396,6742
wind_x3.6,SupportGain,0.08290614433272016,0.6748434808028667,0.8623423513384263,842
wind_x3.6,MonoGain,0.5402255585768712,1.1430714111848423,1.02224602871928,4726
wind_x3.6,AugmentedGain,0.017648075490098416,0.9406794840409665,0.8546656225841108,91
wind_x3.6,TunedGain,0.8276739262936934,1.133635382512292,1.0860377456788106,6712
wind_x3.6,LogisticSign,0.39914024374776935,1.206390943603087,1.0367796645389944,3422
wind_x3.6,ConformalCSR,0.5081935889699821,0.9569509989076271,0.9714352232551656,4469
wind_x5,Gain,0.851815615282321,1.2405743004487604,1.1948432566219922,6900
wind_x5,SupportGain,0.026526793679026127,0.6602361984473931,0.8594743607033125,322
wind_x5,MonoGain,0.5350222359466245,1.2955756515163392,1.092593371339989,4724
wind_x5,AugmentedGain,0.007084355842909172,0.9342222488292007,0.8544247685011476,31
wind_x5,TunedGain,0.8266723417205886,1.2421814297529683,1.1817991184518688,6826
wind_x5,LogisticSign,0.3451887758657311,1.3261159288594282,1.053818703208232,3242
wind_x5,ConformalCSR,0.4956061228195041,1.0377424970613518,1.0070935359586244,4426
wind_x10,Gain,0.8681665808232765,1.5368879537060043,1.4743816908699006,7055
wind_x10,SupportGain,0.001327679048427937,0.7297968174622109,0.8547660668807219,22
wind_x10,MonoGain,0.6065340070694508,1.6922783373776282,1.3760771079567136,5071
wind_x10,AugmentedGain,0.007461460635920774,1.7218580396509766,0.8560137994916381,22
wind_x10,TunedGain,0.8570827618945647,1.5553753966827188,1.456117550695191,6915
wind_x10,LogisticSign,0.31094119335298676,1.388849540241721,1.0273538720799404,2780
wind_x10,ConformalCSR,0.48528521763982274,1.1942056270225705,1.0770603879751708,4427
temperature_plus5,Gain,0.7312027020084968,0.8179513266450728,0.8568424670819172,5906
temperature_plus5,SupportGain,0.6727869435330492,0.7954339602829891,0.8457046464496324,5503
temperature_plus5,MonoGain,0.7212818088956444,0.8110507195172575,0.8411053549794659,5852
temperature_plus5,AugmentedGain,0.11616419555881596,1.128382264217268,0.85188293888814,839
temperature_plus5,TunedGain,0.7615735878396325,0.8307652896024771,0.8534473321734674,6210
temperature_plus5,LogisticSign,0.3711705253317292,0.8271074319984049,0.8545236061623068,2911
temperature_plus5,ConformalCSR,0.6020787121474015,0.7429549730829994,0.8481771803355294,5206
temperature_plus10,Gain,0.7225796512087791,0.9670496330143655,0.9610951077926607,5875
temperature_plus10,SupportGain,0.4554617669765979,0.8812127631182018,0.893349700513353,3379
temperature_plus10,MonoGain,0.6529834547591935,0.9623992442581842,0.9388397466675583,5329
temperature_plus10,AugmentedGain,0.07026133943251096,1.306694868481177,0.8594331861003079,408
temperature_plus10,TunedGain,0.7596890870403081,0.9959083462004927,0.9556183104949612,6239
temperature_plus10,LogisticSign,0.39046369080392634,0.9187712609635676,0.9152249419172429,3214
temperature_plus10,ConformalCSR,0.5653769359304712,0.8822762200410974,0.9252571774708995,4892
temperature_plus20,Gain,0.8139639849341425,1.2570169185036646,1.2064928752334907,6814
temperature_plus20,SupportGain,0.019668271001740432,1.1276916499579694,0.862040568879916,160
temperature_plus20,MonoGain,0.5316301511847826,1.3696272479364209,1.1278748418410554,4679
temperature_plus20,AugmentedGain,0.010714169459352779,1.7863421826391304,0.8549742247854091,77
temperature_plus20,TunedGain,0.7920850992102166,1.2660747350942847,1.1736628019397923,6372
temperature_plus20,LogisticSign,0.42234677718813546,1.2876256881107357,1.0841851686092745,3734
temperature_plus20,ConformalCSR,0.5026024108163851,1.2078059291233776,1.104897616568959,4470
temperature_plus32,Gain,0.8813861566115684,1.5504248714666753,1.4756648248299367,7176
temperature_plus32,SupportGain,0.0,,0.8544271103497061,0
temperature_plus32,MonoGain,0.5489451686343868,1.7059860563844502,1.3276984342198632,4845
temperature_plus32,AugmentedGain,0.0010661061567458596,0.9491628107066431,0.8541577826242619,11
temperature_plus32,TunedGain,0.7991857168172991,1.5667653562912855,1.4097215725007908,6514
temperature_plus32,LogisticSign,0.45287039624634384,1.7226151297448602,1.29122596279608,4021
temperature_plus32,ConformalCSR,0.4858751839737096,1.625353636928002,1.3002106145585357,4335
temperature_fahrenheit_as_celsius,Gain,0.8883818135589993,1.7920131287863743,1.6938480429405411,7176
temperature_fahrenheit_as_celsius,SupportGain,0.0007145643870649482,0.3638927070794095,0.8544707565755268,4
temperature_fahrenheit_as_celsius,MonoGain,0.5732876510983477,1.9723519488583146,1.507572327994414,5006
temperature_fahrenheit_as_celsius,AugmentedGain,0.0017090367743060888,1.5902214947145814,0.8543830671040444,21
temperature_fahrenheit_as_celsius,TunedGain,0.8214939988908618,1.8080249479086117,1.6212806761489484,6565
temperature_fahrenheit_as_celsius,LogisticSign,0.4591142046645357,2.063288463558752,1.4458228589602815,3979
temperature_fahrenheit_as_celsius,ConformalCSR,0.4819302375865109,1.9533020633127418,1.4575181020234174,4302
vpd_x10,Gain,0.8170497523919844,4.322189618045385,3.708532423327048,7023
vpd_x10,SupportGain,0.0018396037904022408,0.4698278154273171,0.8544081218109039,22
vpd_x10,MonoGain,0.5739309027159922,4.12212471723398,2.7466002347280694,5311
vpd_x10,AugmentedGain,0.0,,0.8544271103497061,0
vpd_x10,TunedGain,0.809404206795865,4.388534625971132,3.6993578941523,6461
vpd_x10,LogisticSign,0.4486690549600009,4.549579886127044,2.5295076374956627,3250
vpd_x10,ConformalCSR,0.4950788131922234,4.082434127936432,2.5225552491723118,4402
