case,selector,budget,coverage,macro_mae,rows,stations,groups
joint_archived_natural,Spread,0.0,0.0,0.8696110955339783,649,27,24
joint_archived_natural,Spread,0.1,0.10000000000000006,0.8157409382698002,649,27,24
joint_archived_natural,Spread,0.2,0.20000000000000012,0.8113062409415722,649,27,24
joint_archived_natural,Spread,0.30000000000000004,0.30000000000000027,0.7963957251962714,649,27,24
joint_archived_natural,Spread,0.4,0.40000000000000024,0.784007797375611,649,27,24
joint_archived_natural,Spread,0.5,0.5,0.7985181034770659,649,27,24
joint_archived_natural,Spread,0.6000000000000001,0.5999999999999998,0.7998576788058601,649,27,24
joint_archived_natural,Spread,0.7000000000000001,0.7000000000000012,0.8068108382806515,649,27,24
joint_archived_natural,Spread,0.8,0.8000000000000016,0.7762292270222843,649,27,24
joint_archived_natural,Spread,0.9,0.9000000000000022,0.7798594752091463,649,27,24
joint_archived_natural,Spread,1.0,1.0,0.7655783763651198,649,27,24
joint_archived_natural,Support,0.0,0.0,0.8696110955339783,649,27,24
joint_archived_natural,Support,0.1,0.10000000000000005,0.8567746113994837,649,27,24
joint_archived_natural,Support,0.2,0.20000000000000012,0.8536965951430993,649,27,24
joint_archived_natural,Support,0.30000000000000004,0.3000000000000002,0.8503172015010244,649,27,24
joint_archived_natural,Support,0.4,0.39999999999999986,0.8293417848451815,649,27,24
joint_archived_natural,Support,0.5,0.4999999999999996,0.7844739856531616,649,27,24
joint_archived_natural,Support,0.6000000000000001,0.5999999999999992,0.7835689303812182,649,27,24
joint_archived_natural,Support,0.7000000000000001,0.7000000000000002,0.7833722997861068,649,27,24
joint_archived_natural,Support,0.8,0.8000000000000016,0.7698493481559795,649,27,24
joint_archived_natural,Support,0.9,0.9000000000000021,0.7720401419379739,649,27,24
joint_archived_natural,Support,1.0,1.0,0.7655783763651198,649,27,24
joint_archived_natural,Gain,0.0,0.0,0.8696110955339783,649,27,24
joint_archived_natural,Gain,0.1,0.09999999999999995,0.8417166452943508,649,27,24
joint_archived_natural,Gain,0.2,0.2000000000000001,0.8390970858010904,649,27,24
joint_archived_natural,Gain,0.30000000000000004,0.3000000000000003,0.8365955164542314,649,27,24
joint_archived_natural,Gain,0.4,0.40000000000000097,0.8240089918862694,649,27,24
joint_archived_natural,Gain,0.5,0.5000000000000011,0.8183618005734432,649,27,24
joint_archived_natural,Gain,0.6000000000000001,0.6000000000000008,0.821134222596149,649,27,24
joint_archived_natural,Gain,0.7000000000000001,0.7000000000000021,0.8094693944694208,649,27,24
joint_archived_natural,Gain,0.8,0.8000000000000022,0.8125112176280854,649,27,24
joint_archived_natural,Gain,0.9,0.9000000000000036,0.8162829879376251,649,27,24
joint_archived_natural,Gain,1.0,1.0,0.7655783763651198,649,27,24
joint_archived_probe_clean,Spread,0.0,0.0,0.8702711469759871,646,27,24
joint_archived_probe_clean,Spread,0.1,0.10000000000000006,0.8163914020893317,646,27,24
joint_archived_probe_clean,Spread,0.2,0.20000000000000012,0.8119885441456773,646,27,24
joint_archived_probe_clean,Spread,0.30000000000000004,0.30000000000000027,0.7970415314603608,646,27,24
joint_archived_probe_clean,Spread,0.4,0.40000000000000013,0.7846350984288469,646,27,24
joint_archived_probe_clean,Spread,0.5,0.4999999999999997,0.7993667214422698,646,27,24
joint_archived_probe_clean,Spread,0.6000000000000001,0.5999999999999992,0.8008503926408085,646,27,24
joint_archived_probe_clean,Spread,0.7000000000000001,0.700000000000001,0.8079033973064463,646,27,24
joint_archived_probe_clean,Spread,0.8,0.8000000000000016,0.7774801053953196,646,27,24
joint_archived_probe_clean,Spread,0.9,0.9000000000000022,0.7804700803128501,646,27,24
joint_archived_probe_clean,Spread,1.0,1.0,0.7667728163992121,646,27,24
joint_archived_probe_clean,Support,0.0,0.0,0.8702711469759871,646,27,24
joint_archived_probe_clean,Support,0.1,0.10000000000000009,0.8574208722455888,646,27,24
joint_archived_probe_clean,Support,0.2,0.20000000000000012,0.8544970585369592,646,27,24
joint_archived_probe_clean,Support,0.30000000000000004,0.30000000000000027,0.8504395550429056,646,27,24
joint_archived_probe_clean,Support,0.4,0.39999999999999986,0.829484348105716,646,27,24
joint_archived_probe_clean,Support,0.5,0.4999999999999996,0.7847241504423086,646,27,24
joint_archived_probe_clean,Support,0.6000000000000001,0.599999999999999,0.783726833827271,646,27,24
joint_archived_probe_clean,Support,0.7000000000000001,0.7000000000000002,0.7837207182817822,646,27,24
joint_archived_probe_clean,Support,0.8,0.8000000000000018,0.7703905388825463,646,27,24
joint_archived_probe_clean,Support,0.9,0.9000000000000024,0.7725065784367467,646,27,24
joint_archived_probe_clean,Support,1.0,1.0,0.7667728163992121,646,27,24
joint_archived_probe_clean,Gain,0.0,0.0,0.8702711469759871,646,27,24
joint_archived_probe_clean,Gain,0.1,0.10000000000000002,0.8420959541712536,646,27,24
joint_archived_probe_clean,Gain,0.2,0.2000000000000002,0.839681647927347,646,27,24
joint_archived_probe_clean,Gain,0.30000000000000004,0.30000000000000054,0.8373012520569553,646,27,24
joint_archived_probe_clean,Gain,0.4,0.40000000000000113,0.8245317687387506,646,27,24
joint_archived_probe_clean,Gain,0.5,0.5000000000000012,0.8189928585882187,646,27,24
joint_archived_probe_clean,Gain,0.6000000000000001,0.6000000000000008,0.8217203864058346,646,27,24
joint_archived_probe_clean,Gain,0.7000000000000001,0.7000000000000023,0.810751807470449,646,27,24
joint_archived_probe_clean,Gain,0.8,0.8000000000000023,0.8139607259705048,646,27,24
joint_archived_probe_clean,Gain,0.9,0.9000000000000039,0.8175289003680232,646,27,24
joint_archived_probe_clean,Gain,1.0,1.0,0.7667728163992121,646,27,24
joint_archived_temperature_plus20,Spread,0.0,0.0,0.8702711469759871,646,27,24
joint_archived_temperature_plus20,Spread,0.1,0.1,0.8792680049492296,646,27,24
joint_archived_temperature_plus20,Spread,0.2,0.20000000000000007,0.8748410367164283,646,27,24
joint_archived_temperature_plus20,Spread,0.30000000000000004,0.3000000000000002,0.8813685664363488,646,27,24
joint_archived_temperature_plus20,Spread,0.4,0.39999999999999947,0.9071204808699437,646,27,24
joint_archived_temperature_plus20,Spread,0.5,0.49999999999999917,0.9261204965823019,646,27,24
joint_archived_temperature_plus20,Spread,0.6000000000000001,0.5999999999999986,0.9594616487828423,646,27,24
joint_archived_temperature_plus20,Spread,0.7000000000000001,0.7000000000000008,1.0114690555857098,646,27,24
joint_archived_temperature_plus20,Spread,0.8,0.8000000000000018,1.05998649172899,646,27,24
joint_archived_temperature_plus20,Spread,0.9,0.9000000000000027,1.062684683447932,646,27,24
joint_archived_temperature_plus20,Spread,1.0,1.0,1.0858205399835612,646,27,24
joint_archived_temperature_plus20,Support,0.0,0.0,0.8702711469759871,646,27,24
joint_archived_temperature_plus20,Support,0.1,0.10000000000000003,0.8829085476968725,646,27,24
joint_archived_temperature_plus20,Support,0.2,0.2000000000000002,0.9095848553536673,646,27,24
joint_archived_temperature_plus20,Support,0.30000000000000004,0.30000000000000027,0.9439831772708259,646,27,24
joint_archived_temperature_plus20,Support,0.4,0.3999999999999999,0.9782631958095332,646,27,24
joint_archived_temperature_plus20,Support,0.5,0.4999999999999997,0.9984413526215227,646,27,24
joint_archived_temperature_plus20,Support,0.6000000000000001,0.5999999999999994,1.0164893528908043,646,27,24
joint_archived_temperature_plus20,Support,0.7000000000000001,0.7000000000000006,1.027914368805329,646,27,24
joint_archived_temperature_plus20,Support,0.8,0.8000000000000022,1.0546178766805343,646,27,24
joint_archived_temperature_plus20,Support,0.9,0.9000000000000029,1.0584144658403043,646,27,24
joint_archived_temperature_plus20,Support,1.0,1.0,1.0858205399835612,646,27,24
joint_archived_temperature_plus20,Gain,0.0,0.0,0.8702711469759871,646,27,24
joint_archived_temperature_plus20,Gain,0.1,0.10000000000000005,0.8817073087551763,646,27,24
joint_archived_temperature_plus20,Gain,0.2,0.2,0.8952847799872414,646,27,24
joint_archived_temperature_plus20,Gain,0.30000000000000004,0.3000000000000004,0.945956410621825,646,27,24
joint_archived_temperature_plus20,Gain,0.4,0.39999999999999986,0.9483916710629557,646,27,24
joint_archived_temperature_plus20,Gain,0.5,0.4999999999999995,0.9497888061088005,646,27,24
joint_archived_temperature_plus20,Gain,0.6000000000000001,0.5999999999999982,1.0135339035442816,646,27,24
joint_archived_temperature_plus20,Gain,0.7000000000000001,0.6999999999999993,1.0347237575469377,646,27,24
joint_archived_temperature_plus20,Gain,0.8,0.800000000000001,1.0522460724227178,646,27,24
joint_archived_temperature_plus20,Gain,0.9,0.900000000000002,1.0693598415533307,646,27,24
joint_archived_temperature_plus20,Gain,1.0,1.0,1.0858205399835612,646,27,24
joint_archived_vpd_x10,Spread,0.0,0.0,0.8702711469759871,646,27,24
joint_archived_vpd_x10,Spread,0.1,0.10000000000000003,0.8769327099490809,646,27,24
joint_archived_vpd_x10,Spread,0.2,0.20000000000000007,0.8779528189245723,646,27,24
joint_archived_vpd_x10,Spread,0.30000000000000004,0.3000000000000002,0.8850583150120459,646,27,24
joint_archived_vpd_x10,Spread,0.4,0.39999999999999974,0.8970641599572339,646,27,24
joint_archived_vpd_x10,Spread,0.5,0.4999999999999992,0.9007248655582251,646,27,24
joint_archived_vpd_x10,Spread,0.6000000000000001,0.5999999999999985,0.8823737384816434,646,27,24
joint_archived_vpd_x10,Spread,0.7000000000000001,0.6999999999999992,0.8670043036509487,646,27,24
joint_archived_vpd_x10,Spread,0.8,0.8000000000000002,0.8842149822169342,646,27,24
joint_archived_vpd_x10,Spread,0.9,0.900000000000002,0.8757328303814453,646,27,24
joint_archived_vpd_x10,Spread,1.0,1.0,1.0153759855486209,646,27,24
joint_archived_vpd_x10,Support,0.0,0.0,0.8702711469759871,646,27,24
joint_archived_vpd_x10,Support,0.1,0.10000000000000003,0.8649878290241927,646,27,24
joint_archived_vpd_x10,Support,0.2,0.20000000000000007,0.8685319847196358,646,27,24
joint_archived_vpd_x10,Support,0.30000000000000004,0.30000000000000027,0.8760912388761208,646,27,24
joint_archived_vpd_x10,Support,0.4,0.3999999999999999,0.8699380628616732,646,27,24
joint_archived_vpd_x10,Support,0.5,0.4999999999999999,0.8507787504519848,646,27,24
joint_archived_vpd_x10,Support,0.6000000000000001,0.5999999999999994,0.8656271184240258,646,27,24
joint_archived_vpd_x10,Support,0.7000000000000001,0.700000000000001,0.8673230380732871,646,27,24
joint_archived_vpd_x10,Support,0.8,0.8000000000000022,0.8891069105935259,646,27,24
joint_archived_vpd_x10,Support,0.9,0.9000000000000038,0.8740837746292571,646,27,24
joint_archived_vpd_x10,Support,1.0,1.0,1.0153759855486209,646,27,24
joint_archived_vpd_x10,Gain,0.0,0.0,0.8702711469759871,646,27,24
joint_archived_vpd_x10,Gain,0.1,0.10000000000000013,0.8683504182313572,646,27,24
joint_archived_vpd_x10,Gain,0.2,0.20000000000000018,0.8714114295433609,646,27,24
joint_archived_vpd_x10,Gain,0.30000000000000004,0.3000000000000003,0.8362017655891083,646,27,24
joint_archived_vpd_x10,Gain,0.4,0.40000000000000013,0.8449545945443095,646,27,24
joint_archived_vpd_x10,Gain,0.5,0.5,0.8552927216430917,646,27,24
joint_archived_vpd_x10,Gain,0.6000000000000001,0.5999999999999993,0.8696906774527585,646,27,24
joint_archived_vpd_x10,Gain,0.7000000000000001,0.6999999999999984,1.0046428071382036,646,27,24
joint_archived_vpd_x10,Gain,0.8,0.8000000000000016,0.9854708688881402,646,27,24
joint_archived_vpd_x10,Gain,0.9,0.9000000000000011,1.0063611997077122,646,27,24
joint_archived_vpd_x10,Gain,1.0,1.0,1.0153759855486209,646,27,24
joint_archived_wind_x10,Spread,0.0,0.0,0.8702711469759871,646,27,24
joint_archived_wind_x10,Spread,0.1,0.1,0.9119637169609944,646,27,24
joint_archived_wind_x10,Spread,0.2,0.2000000000000001,0.936808013276727,646,27,24
joint_archived_wind_x10,Spread,0.30000000000000004,0.30000000000000027,0.985991796431354,646,27,24
joint_archived_wind_x10,Spread,0.4,0.39999999999999936,1.0538432144717103,646,27,24
joint_archived_wind_x10,Spread,0.5,0.4999999999999987,1.1146669906934068,646,27,24
joint_archived_wind_x10,Spread,0.6000000000000001,0.5999999999999986,1.1455850967946564,646,27,24
joint_archived_wind_x10,Spread,0.7000000000000001,0.6999999999999988,1.2066279571776373,646,27,24
joint_archived_wind_x10,Spread,0.8,0.7999999999999986,1.298629181938545,646,27,24
joint_archived_wind_x10,Spread,0.9,0.8999999999999987,1.3995937661953888,646,27,24
joint_archived_wind_x10,Spread,1.0,0.9999999999999987,1.5452630792640962,646,27,24
joint_archived_wind_x10,Support,0.0,0.0,0.8702711469759871,646,27,24
joint_archived_wind_x10,Support,0.1,0.10000000000000003,0.9123914784234507,646,27,24
joint_archived_wind_x10,Support,0.2,0.20000000000000007,0.9868697993435233,646,27,24
joint_archived_wind_x10,Support,0.30000000000000004,0.30000000000000066,1.0285021792209788,646,27,24
joint_archived_wind_x10,Support,0.4,0.4000000000000009,1.0441561176617344,646,27,24
joint_archived_wind_x10,Support,0.5,0.4999999999999998,1.1140067290709834,646,27,24
joint_archived_wind_x10,Support,0.6000000000000001,0.5999999999999994,1.1706768175269038,646,27,24
joint_archived_wind_x10,Support,0.7000000000000001,0.6999999999999993,1.16633594620627,646,27,24
joint_archived_wind_x10,Support,0.8,0.799999999999999,1.2724700702804712,646,27,24
joint_archived_wind_x10,Support,0.9,0.8999999999999987,1.357544205723147,646,27,24
joint_archived_wind_x10,Support,1.0,0.9999999999999987,1.5452630792640956,646,27,24
joint_archived_wind_x10,Gain,0.0,0.0,0.8702711469759871,646,27,24
joint_archived_wind_x10,Gain,0.1,0.10000000000000006,0.9128865578567421,646,27,24
joint_archived_wind_x10,Gain,0.2,0.20000000000000054,1.064973681881306,646,27,24
joint_archived_wind_x10,Gain,0.30000000000000004,0.3000000000000013,1.1274494776273487,646,27,24
joint_archived_wind_x10,Gain,0.4,0.40000000000000263,1.1305849969435173,646,27,24
joint_archived_wind_x10,Gain,0.5,0.5000000000000022,1.134655363655634,646,27,24
joint_archived_wind_x10,Gain,0.6000000000000001,0.6000000000000019,1.1571363666716254,646,27,24
joint_archived_wind_x10,Gain,0.7000000000000001,0.7000000000000026,1.236311447833389,646,27,24
joint_archived_wind_x10,Gain,0.8,0.8000000000000039,1.3567900316570354,646,27,24
joint_archived_wind_x10,Gain,0.9,0.9000000000000039,1.3995502105599675,646,27,24
joint_archived_wind_x10,Gain,1.0,1.0,1.5452630792641013,646,27,24
joint_noVPD_natural,Spread,0.0,0.0,0.8696110955339783,649,27,24
joint_noVPD_natural,Spread,0.1,0.1,0.8608857480548155,649,27,24
joint_noVPD_natural,Spread,0.2,0.20000000000000007,0.8525882696043589,649,27,24
joint_noVPD_natural,Spread,0.30000000000000004,0.30000000000000016,0.8323117635002627,649,27,24
joint_noVPD_natural,Spread,0.4,0.3999999999999996,0.8316109407931304,649,27,24
joint_noVPD_natural,Spread,0.5,0.49999999999999895,0.816167599288715,649,27,24
joint_noVPD_natural,Spread,0.6000000000000001,0.5999999999999989,0.822744903151427,649,27,24
joint_noVPD_natural,Spread,0.7000000000000001,0.6999999999999996,0.8235578016674339,649,27,24
joint_noVPD_natural,Spread,0.8,0.8000000000000007,0.8403402557506093,649,27,24
joint_noVPD_natural,Spread,0.9,0.9000000000000011,0.7902027110540263,649,27,24
joint_noVPD_natural,Spread,1.0,1.0,0.7922777574648961,649,27,24
joint_noVPD_natural,Support,0.0,0.0,0.8696110955339783,649,27,24
joint_noVPD_natural,Support,0.1,0.10000000000000005,0.8564187689688468,649,27,24
joint_noVPD_natural,Support,0.2,0.20000000000000012,0.8482108568359426,649,27,24
joint_noVPD_natural,Support,0.30000000000000004,0.30000000000000027,0.8367189561585598,649,27,24
joint_noVPD_natural,Support,0.4,0.40000000000000013,0.8201472613115004,649,27,24
joint_noVPD_natural,Support,0.5,0.49999999999999994,0.7752857319115383,649,27,24
joint_noVPD_natural,Support,0.6000000000000001,0.5999999999999994,0.7846401298104209,649,27,24
joint_noVPD_natural,Support,0.7000000000000001,0.7000000000000004,0.7727704532892689,649,27,24
joint_noVPD_natural,Support,0.8,0.8000000000000016,0.7894183938589693,649,27,24
joint_noVPD_natural,Support,0.9,0.9000000000000025,0.7911779369823955,649,27,24
joint_noVPD_natural,Support,1.0,1.0,0.7922777574648961,649,27,24
joint_noVPD_natural,Gain,0.0,0.0,0.8696110955339783,649,27,24
joint_noVPD_natural,Gain,0.1,0.10000000000000005,0.8182063998260302,649,27,24
joint_noVPD_natural,Gain,0.2,0.20000000000000007,0.8180938638640933,649,27,24
joint_noVPD_natural,Gain,0.30000000000000004,0.30000000000000043,0.8164376460192759,649,27,24
joint_noVPD_natural,Gain,0.4,0.4000000000000002,0.8038926266476858,649,27,24
joint_noVPD_natural,Gain,0.5,0.5,0.7917839704905139,649,27,24
joint_noVPD_natural,Gain,0.6000000000000001,0.5999999999999998,0.7872901702989299,649,27,24
joint_noVPD_natural,Gain,0.7000000000000001,0.7000000000000006,0.7672728264367586,649,27,24
joint_noVPD_natural,Gain,0.8,0.8000000000000015,0.7742887173850396,649,27,24
joint_noVPD_natural,Gain,0.9,0.9000000000000024,0.7805618186683903,649,27,24
joint_noVPD_natural,Gain,1.0,1.0,0.7922777574648961,649,27,24
joint_noVPD_probe_clean,Spread,0.0,0.0,0.8702711469759871,646,27,24
joint_noVPD_probe_clean,Spread,0.1,0.10000000000000002,0.8616031838302458,646,27,24
joint_noVPD_probe_clean,Spread,0.2,0.2000000000000001,0.8532865344870497,646,27,24
joint_noVPD_probe_clean,Spread,0.30000000000000004,0.3000000000000002,0.8330065929085275,646,27,24
joint_noVPD_probe_clean,Spread,0.4,0.3999999999999996,0.8317149253939601,646,27,24
joint_noVPD_probe_clean,Spread,0.5,0.4999999999999987,0.817283102710663,646,27,24
joint_noVPD_probe_clean,Spread,0.6000000000000001,0.5999999999999983,0.8238780568939492,646,27,24
joint_noVPD_probe_clean,Spread,0.7000000000000001,0.6999999999999992,0.8244125065910481,646,27,24
joint_noVPD_probe_clean,Spread,0.8,0.8000000000000005,0.8408691242747277,646,27,24
joint_noVPD_probe_clean,Spread,0.9,0.900000000000001,0.7911377637656517,646,27,24
joint_noVPD_probe_clean,Spread,1.0,1.0,0.793256453408509,646,27,24
joint_noVPD_probe_clean,Support,0.0,0.0,0.8702711469759871,646,27,24
joint_noVPD_probe_clean,Support,0.1,0.10000000000000005,0.8571014569075524,646,27,24
joint_noVPD_probe_clean,Support,0.2,0.20000000000000012,0.8494676118310782,646,27,24
joint_noVPD_probe_clean,Support,0.30000000000000004,0.30000000000000027,0.8374115131081441,646,27,24
joint_noVPD_probe_clean,Support,0.4,0.40000000000000013,0.8211231800543477,646,27,24
joint_noVPD_probe_clean,Support,0.5,0.4999999999999999,0.7756975729272313,646,27,24
joint_noVPD_probe_clean,Support,0.6000000000000001,0.5999999999999992,0.7850513533585242,646,27,24
joint_noVPD_probe_clean,Support,0.7000000000000001,0.7000000000000002,0.7737560625257859,646,27,24
joint_noVPD_probe_clean,Support,0.8,0.8000000000000016,0.7903556661915628,646,27,24
joint_noVPD_probe_clean,Support,0.9,0.9000000000000028,0.7921315489168554,646,27,24
joint_noVPD_probe_clean,Support,1.0,1.0,0.793256453408509,646,27,24
joint_noVPD_probe_clean,Gain,0.0,0.0,0.8702711469759871,646,27,24
joint_noVPD_probe_clean,Gain,0.1,0.10000000000000006,0.8184563990011371,646,27,24
joint_noVPD_probe_clean,Gain,0.2,0.2000000000000001,0.8184229841613949,646,27,24
joint_noVPD_probe_clean,Gain,0.30000000000000004,0.30000000000000054,0.8171091210099842,646,27,24
joint_noVPD_probe_clean,Gain,0.4,0.4000000000000001,0.8040558524464061,646,27,24
joint_noVPD_probe_clean,Gain,0.5,0.4999999999999996,0.7920173679922655,646,27,24
joint_noVPD_probe_clean,Gain,0.6000000000000001,0.5999999999999993,0.7876560108048336,646,27,24
joint_noVPD_probe_clean,Gain,0.7000000000000001,0.7000000000000003,0.7682659711816094,646,27,24
joint_noVPD_probe_clean,Gain,0.8,0.8000000000000012,0.7751195620341294,646,27,24
joint_noVPD_probe_clean,Gain,0.9,0.9000000000000022,0.7812806396881331,646,27,24
joint_noVPD_probe_clean,Gain,1.0,1.0,0.793256453408509,646,27,24
joint_noVPD_temperature_plus20,Spread,0.0,0.0,0.8702711469759871,646,27,24
joint_noVPD_temperature_plus20,Spread,0.1,0.10000000000000005,0.9097771897546721,646,27,24
joint_noVPD_temperature_plus20,Spread,0.2,0.20000000000000007,0.9203640212897639,646,27,24
joint_noVPD_temperature_plus20,Spread,0.30000000000000004,0.3000000000000004,0.9416635958507227,646,27,24
joint_noVPD_temperature_plus20,Spread,0.4,0.4000000000000002,0.9730658568473515,646,27,24
joint_noVPD_temperature_plus20,Spread,0.5,0.4999999999999999,0.9754482285316421,646,27,24
joint_noVPD_temperature_plus20,Spread,0.6000000000000001,0.6,0.976156328246416,646,27,24
joint_noVPD_temperature_plus20,Spread,0.7000000000000001,0.7000000000000016,0.9902036940265939,646,27,24
joint_noVPD_temperature_plus20,Spread,0.8,0.8000000000000026,0.9950023731413927,646,27,24
joint_noVPD_temperature_plus20,Spread,0.9,0.9000000000000044,1.0014037125756297,646,27,24
joint_noVPD_temperature_plus20,Spread,1.0,1.0,1.0559740674719535,646,27,24
joint_noVPD_temperature_plus20,Support,0.0,0.0,0.8702711469759871,646,27,24
joint_noVPD_temperature_plus20,Support,0.1,0.1,0.8874602990879821,646,27,24
joint_noVPD_temperature_plus20,Support,0.2,0.2000000000000002,0.9265151933619964,646,27,24
joint_noVPD_temperature_plus20,Support,0.30000000000000004,0.30000000000000027,0.9476583886779834,646,27,24
joint_noVPD_temperature_plus20,Support,0.4,0.3999999999999995,0.9838032910268457,646,27,24
joint_noVPD_temperature_plus20,Support,0.5,0.4999999999999995,0.9787990654199153,646,27,24
joint_noVPD_temperature_plus20,Support,0.6000000000000001,0.5999999999999994,0.9938005925966859,646,27,24
joint_noVPD_temperature_plus20,Support,0.7000000000000001,0.7000000000000013,0.9988026341866068,646,27,24
joint_noVPD_temperature_plus20,Support,0.8,0.800000000000003,1.0368083327588395,646,27,24
joint_noVPD_temperature_plus20,Support,0.9,0.9000000000000037,1.0313638907763574,646,27,24
joint_noVPD_temperature_plus20,Support,1.0,1.0,1.0559740674719535,646,27,24
joint_noVPD_temperature_plus20,Gain,0.0,0.0,0.8702711469759871,646,27,24
joint_noVPD_temperature_plus20,Gain,0.1,0.1000000000000001,0.8955157685047936,646,27,24
joint_noVPD_temperature_plus20,Gain,0.2,0.2000000000000002,0.9043032607350986,646,27,24
joint_noVPD_temperature_plus20,Gain,0.30000000000000004,0.30000000000000054,0.9158023273803276,646,27,24
joint_noVPD_temperature_plus20,Gain,0.4,0.3999999999999992,0.9277485545407306,646,27,24
joint_noVPD_temperature_plus20,Gain,0.5,0.49999999999999867,0.9600606343763809,646,27,24
joint_noVPD_temperature_plus20,Gain,0.6000000000000001,0.5999999999999986,0.9796109950191398,646,27,24
joint_noVPD_temperature_plus20,Gain,0.7000000000000001,0.6999999999999996,0.9572090952594607,646,27,24
joint_noVPD_temperature_plus20,Gain,0.8,0.8000000000000003,0.9764727154958207,646,27,24
joint_noVPD_temperature_plus20,Gain,0.9,0.9000000000000015,0.988216135062472,646,27,24
joint_noVPD_temperature_plus20,Gain,1.0,1.0,1.0559740674719535,646,27,24
joint_noVPD_vpd_x10,Spread,0.0,0.0,0.8702711469759871,646,27,24
joint_noVPD_vpd_x10,Spread,0.1,0.10000000000000002,0.8616031838302458,646,27,24
joint_noVPD_vpd_x10,Spread,0.2,0.2000000000000001,0.8532865344870497,646,27,24
joint_noVPD_vpd_x10,Spread,0.30000000000000004,0.3000000000000002,0.8330065929085275,646,27,24
joint_noVPD_vpd_x10,Spread,0.4,0.3999999999999996,0.8317149253939601,646,27,24
joint_noVPD_vpd_x10,Spread,0.5,0.4999999999999987,0.817283102710663,646,27,24
joint_noVPD_vpd_x10,Spread,0.6000000000000001,0.5999999999999983,0.8238780568939492,646,27,24
joint_noVPD_vpd_x10,Spread,0.7000000000000001,0.6999999999999992,0.8244125065910481,646,27,24
joint_noVPD_vpd_x10,Spread,0.8,0.8000000000000005,0.8408691242747277,646,27,24
joint_noVPD_vpd_x10,Spread,0.9,0.900000000000001,0.7911377637656517,646,27,24
joint_noVPD_vpd_x10,Spread,1.0,1.0,0.793256453408509,646,27,24
joint_noVPD_vpd_x10,Support,0.0,0.0,0.8702711469759871,646,27,24
joint_noVPD_vpd_x10,Support,0.1,0.10000000000000005,0.8571014569075524,646,27,24
joint_noVPD_vpd_x10,Support,0.2,0.20000000000000012,0.8494676118310782,646,27,24
joint_noVPD_vpd_x10,Support,0.30000000000000004,0.30000000000000027,0.8374115131081441,646,27,24
joint_noVPD_vpd_x10,Support,0.4,0.40000000000000013,0.8211231800543477,646,27,24
joint_noVPD_vpd_x10,Support,0.5,0.4999999999999999,0.7756975729272313,646,27,24
joint_noVPD_vpd_x10,Support,0.6000000000000001,0.5999999999999992,0.7850513533585242,646,27,24
joint_noVPD_vpd_x10,Support,0.7000000000000001,0.7000000000000002,0.7737560625257859,646,27,24
joint_noVPD_vpd_x10,Support,0.8,0.8000000000000016,0.7903556661915628,646,27,24
joint_noVPD_vpd_x10,Support,0.9,0.9000000000000028,0.7921315489168554,646,27,24
joint_noVPD_vpd_x10,Support,1.0,1.0,0.793256453408509,646,27,24
joint_noVPD_vpd_x10,Gain,0.0,0.0,0.8702711469759871,646,27,24
joint_noVPD_vpd_x10,Gain,0.1,0.10000000000000006,0.8184563990011371,646,27,24
joint_noVPD_vpd_x10,Gain,0.2,0.2000000000000001,0.8184229841613949,646,27,24
joint_noVPD_vpd_x10,Gain,0.30000000000000004,0.30000000000000054,0.8171091210099842,646,27,24
joint_noVPD_vpd_x10,Gain,0.4,0.4000000000000001,0.8040558524464061,646,27,24
joint_noVPD_vpd_x10,Gain,0.5,0.4999999999999996,0.7920173679922655,646,27,24
joint_noVPD_vpd_x10,Gain,0.6000000000000001,0.5999999999999993,0.7876560108048336,646,27,24
joint_noVPD_vpd_x10,Gain,0.7000000000000001,0.7000000000000003,0.7682659711816094,646,27,24
joint_noVPD_vpd_x10,Gain,0.8,0.8000000000000012,0.7751195620341294,646,27,24
joint_noVPD_vpd_x10,Gain,0.9,0.9000000000000022,0.7812806396881331,646,27,24
joint_noVPD_vpd_x10,Gain,1.0,1.0,0.793256453408509,646,27,24
joint_noVPD_wind_x10,Spread,0.0,0.0,0.8702711469759871,646,27,24
joint_noVPD_wind_x10,Spread,0.1,0.10000000000000005,0.9280043199658478,646,27,24
joint_noVPD_wind_x10,Spread,0.2,0.2000000000000002,0.9413069481792072,646,27,24
joint_noVPD_wind_x10,Spread,0.30000000000000004,0.3000000000000003,0.9529036403439269,646,27,24
joint_noVPD_wind_x10,Spread,0.4,0.4,0.9832735982346976,646,27,24
joint_noVPD_wind_x10,Spread,0.5,0.4999999999999992,1.036801248972356,646,27,24
joint_noVPD_wind_x10,Spread,0.6000000000000001,0.5999999999999991,1.025325916491351,646,27,24
joint_noVPD_wind_x10,Spread,0.7000000000000001,0.6999999999999998,1.0542252797834455,646,27,24
joint_noVPD_wind_x10,Spread,0.8,0.7999999999999997,1.0898873750043547,646,27,24
joint_noVPD_wind_x10,Spread,0.9,0.8999999999999999,1.162629876394323,646,27,24
joint_noVPD_wind_x10,Spread,1.0,1.0,1.3238133830567376,646,27,24
joint_noVPD_wind_x10,Support,0.0,0.0,0.8702711469759871,646,27,24
joint_noVPD_wind_x10,Support,0.1,0.10000000000000003,0.8971039741048011,646,27,24
joint_noVPD_wind_x10,Support,0.2,0.20000000000000012,0.9554938672975389,646,27,24
joint_noVPD_wind_x10,Support,0.30000000000000004,0.3000000000000007,0.9771647840886615,646,27,24
joint_noVPD_wind_x10,Support,0.4,0.4000000000000009,0.9830056964056182,646,27,24
joint_noVPD_wind_x10,Support,0.5,0.4999999999999997,1.0335809648705723,646,27,24
joint_noVPD_wind_x10,Support,0.6000000000000001,0.5999999999999993,1.0578869769562447,646,27,24
joint_noVPD_wind_x10,Support,0.7000000000000001,0.6999999999999993,1.0227468659752625,646,27,24
joint_noVPD_wind_x10,Support,0.8,0.7999999999999987,1.0492280118380226,646,27,24
joint_noVPD_wind_x10,Support,0.9,0.8999999999999986,1.1353512086213777,646,27,24
joint_noVPD_wind_x10,Support,1.0,0.9999999999999987,1.3238133830567311,646,27,24
joint_noVPD_wind_x10,Gain,0.0,0.0,0.8702711469759871,646,27,24
joint_noVPD_wind_x10,Gain,0.1,0.10000000000000013,0.9348729681821606,646,27,24
joint_noVPD_wind_x10,Gain,0.2,0.20000000000000032,0.9950494970154939,646,27,24
joint_noVPD_wind_x10,Gain,0.30000000000000004,0.30000000000000043,1.0049134249085785,646,27,24
joint_noVPD_wind_x10,Gain,0.4,0.3999999999999992,1.0400098511775524,646,27,24
joint_noVPD_wind_x10,Gain,0.5,0.4999999999999989,1.0654321307947971,646,27,24
joint_noVPD_wind_x10,Gain,0.6000000000000001,0.5999999999999992,1.0926239913647564,646,27,24
joint_noVPD_wind_x10,Gain,0.7000000000000001,0.700000000000001,1.0989212221493092,646,27,24
joint_noVPD_wind_x10,Gain,0.8,0.8000000000000029,1.0816605899272702,646,27,24
joint_noVPD_wind_x10,Gain,0.9,0.9000000000000036,1.1328518384012796,646,27,24
joint_noVPD_wind_x10,Gain,1.0,1.0,1.3238133830567376,646,27,24
proximity_archived_natural,Spread,0.0,0.0,0.8564533689107808,7923,85,63
proximity_archived_natural,Spread,0.1,0.09999999999999981,0.8550597783992385,7923,85,63
proximity_archived_natural,Spread,0.2,0.19999999999999968,0.848200084576114,7923,85,63
proximity_archived_natural,Spread,0.30000000000000004,0.30000000000000043,0.8528409796964489,7923,85,63
proximity_archived_natural,Spread,0.4,0.4000000000000012,0.8322172827424514,7923,85,63
proximity_archived_natural,Spread,0.5,0.5000000000000019,0.8279238050606997,7923,85,63
proximity_archived_natural,Spread,0.6000000000000001,0.600000000000002,0.826905151016172,7923,85,63
proximity_archived_natural,Spread,0.7000000000000001,0.7000000000000003,0.8281602574044019,7923,85,63
proximity_archived_natural,Spread,0.8,0.8000000000000037,0.8186317824457381,7923,85,63
proximity_archived_natural,Spread,0.9,0.900000000000009,0.8210866498338036,7923,85,63
proximity_archived_natural,Spread,1.0,1.0,1.0993118702595592,7923,85,63
proximity_archived_natural,Support,0.0,0.0,0.8564533689107808,7923,85,63
proximity_archived_natural,Support,0.1,0.09999999999999988,0.8615873256899369,7923,85,63
proximity_archived_natural,Support,0.2,0.19999999999999954,0.8643921571196836,7923,85,63
proximity_archived_natural,Support,0.30000000000000004,0.29999999999999977,0.864876100833035,7923,85,63
proximity_archived_natural,Support,0.4,0.40000000000000085,0.8709279148123933,7923,85,63
proximity_archived_natural,Support,0.5,0.5000000000000013,0.857261167234186,7923,85,63
proximity_archived_natural,Support,0.6000000000000001,0.6000000000000009,0.8468434710399086,7923,85,63
proximity_archived_natural,Support,0.7000000000000001,0.7000000000000026,0.8400060321076804,7923,85,63
proximity_archived_natural,Support,0.8,0.8000000000000068,0.8325840741090453,7923,85,63
proximity_archived_natural,Support,0.9,0.900000000000016,0.8219194935404355,7923,85,63
proximity_archived_natural,Support,1.0,1.0,1.0993118702595592,7923,85,63
proximity_archived_natural,Gain,0.0,0.0,0.8564533689107808,7923,85,63
proximity_archived_natural,Gain,0.1,0.10000000000000013,1.1278555158337824,7923,85,63
proximity_archived_natural,Gain,0.2,0.19999999999999946,1.1310874365566153,7923,85,63
proximity_archived_natural,Gain,0.30000000000000004,0.29999999999999927,1.1285142159640191,7923,85,63
proximity_archived_natural,Gain,0.4,0.39999999999999886,1.1271125144489074,7923,85,63
proximity_archived_natural,Gain,0.5,0.500000000000002,1.1267237142346462,7923,85,63
proximity_archived_natural,Gain,0.6000000000000001,0.6000000000000064,1.1216979390576693,7923,85,63
proximity_archived_natural,Gain,0.7000000000000001,0.7000000000000002,1.1236603916287962,7923,85,63
proximity_archived_natural,Gain,0.8,0.7999999999999984,1.1253183670871718,7923,85,63
proximity_archived_natural,Gain,0.9,0.8999999999999917,1.1191108408400272,7923,85,63
proximity_archived_natural,Gain,1.0,0.9999999999999907,1.0993118702595817,7923,85,63
proximity_archived_probe_clean,Spread,0.0,0.0,0.8534118099315726,7873,84,62
proximity_archived_probe_clean,Spread,0.1,0.09999999999999985,0.8518961984107941,7873,84,62
proximity_archived_probe_clean,Spread,0.2,0.20000000000000032,0.8447691544478372,7873,84,62
proximity_archived_probe_clean,Spread,0.30000000000000004,0.3000000000000006,0.8498667146919386,7873,84,62
proximity_archived_probe_clean,Spread,0.4,0.4000000000000008,0.8358129094707404,7873,84,62
proximity_archived_probe_clean,Spread,0.5,0.4999999999999987,0.825231118621151,7873,84,62
proximity_archived_probe_clean,Spread,0.6000000000000001,0.5999999999999965,0.8235491809427069,7873,84,62
proximity_archived_probe_clean,Spread,0.7000000000000001,0.6999999999999937,0.825360447337148,7873,84,62
proximity_archived_probe_clean,Spread,0.8,0.7999999999999938,0.8149004473799392,7873,84,62
proximity_archived_probe_clean,Spread,0.9,0.8999999999999992,0.8201746423762247,7873,84,62
proximity_archived_probe_clean,Spread,1.0,0.9999999999999981,0.8113777670166653,7873,84,62
proximity_archived_probe_clean,Support,0.0,0.0,0.8534118099315726,7873,84,62
proximity_archived_probe_clean,Support,0.1,0.09999999999999985,0.8584453631424802,7873,84,62
proximity_archived_probe_clean,Support,0.2,0.2,0.8613821506024293,7873,84,62
proximity_archived_probe_clean,Support,0.30000000000000004,0.30000000000000054,0.8625984455834428,7873,84,62
proximity_archived_probe_clean,Support,0.4,0.40000000000000135,0.8692776120750629,7873,84,62
proximity_archived_probe_clean,Support,0.5,0.49999999999999967,0.8622566454220453,7873,84,62
proximity_archived_probe_clean,Support,0.6000000000000001,0.5999999999999973,0.8436158074847335,7873,84,62
proximity_archived_probe_clean,Support,0.7000000000000001,0.6999999999999966,0.8375919459380254,7873,84,62
proximity_archived_probe_clean,Support,0.8,0.799999999999999,0.8291661330018008,7873,84,62
proximity_archived_probe_clean,Support,0.9,0.9000000000000109,0.8177136436186178,7873,84,62
proximity_archived_probe_clean,Support,1.0,1.0,0.8113777670166653,7873,84,62
proximity_archived_probe_clean,Gain,0.0,0.0,0.8534118099315726,7873,84,62
proximity_archived_probe_clean,Gain,0.1,0.10000000000000038,0.8428977690442184,7873,84,62
proximity_archived_probe_clean,Gain,0.2,0.20000000000000004,0.8390510515227292,7873,84,62
proximity_archived_probe_clean,Gain,0.30000000000000004,0.3000000000000004,0.8403399607473508,7873,84,62
proximity_archived_probe_clean,Gain,0.4,0.40000000000000047,0.8393773066156623,7873,84,62
proximity_archived_probe_clean,Gain,0.5,0.500000000000003,0.837267137471631,7873,84,62
proximity_archived_probe_clean,Gain,0.6000000000000001,0.6000000000000029,0.8338131751044141,7873,84,62
proximity_archived_probe_clean,Gain,0.7000000000000001,0.6999999999999958,0.8361364008375758,7873,84,62
proximity_archived_probe_clean,Gain,0.8,0.7999999999999917,0.8368943508981603,7873,84,62
proximity_archived_probe_clean,Gain,0.9,0.8999999999999891,0.8313065800083373,7873,84,62
proximity_archived_probe_clean,Gain,1.0,0.9999999999999977,0.8113777670166706,7873,84,62
proximity_archived_temperature_plus20,Spread,0.0,0.0,0.8534118099315726,7873,84,62
proximity_archived_temperature_plus20,Spread,0.1,0.10000000000000005,0.8774161718853716,7873,84,62
proximity_archived_temperature_plus20,Spread,0.2,0.20000000000000043,0.8931586590340337,7873,84,62
proximity_archived_temperature_plus20,Spread,0.30000000000000004,0.3000000000000009,0.9108803559525853,7873,84,62
proximity_archived_temperature_plus20,Spread,0.4,0.40000000000000113,0.9259780315460224,7873,84,62
proximity_archived_temperature_plus20,Spread,0.5,0.49999999999999867,0.9494182782096907,7873,84,62
proximity_archived_temperature_plus20,Spread,0.6000000000000001,0.5999999999999975,0.9761775859782001,7873,84,62
proximity_archived_temperature_plus20,Spread,0.7000000000000001,0.699999999999996,0.9881345469864435,7873,84,62
proximity_archived_temperature_plus20,Spread,0.8,0.7999999999999929,0.9914747283272662,7873,84,62
proximity_archived_temperature_plus20,Spread,0.9,0.8999999999999931,1.0059298712313474,7873,84,62
proximity_archived_temperature_plus20,Spread,1.0,0.9999999999999896,1.0385425178123564,7873,84,62
proximity_archived_temperature_plus20,Support,0.0,0.0,0.8534118099315726,7873,84,62
proximity_archived_temperature_plus20,Support,0.1,0.09999999999999988,0.8924641008192674,7873,84,62
proximity_archived_temperature_plus20,Support,0.2,0.20000000000000082,0.9196141929563139,7873,84,62
proximity_archived_temperature_plus20,Support,0.30000000000000004,0.30000000000000104,0.9397530258120015,7873,84,62
proximity_archived_temperature_plus20,Support,0.4,0.40000000000000047,0.9623588705444154,7873,84,62
proximity_archived_temperature_plus20,Support,0.5,0.5000000000000006,0.9708766190426898,7873,84,62
proximity_archived_temperature_plus20,Support,0.6000000000000001,0.6000000000000006,0.9802081336330789,7873,84,62
proximity_archived_temperature_plus20,Support,0.7000000000000001,0.7000000000000002,0.9995075561278052,7873,84,62
proximity_archived_temperature_plus20,Support,0.8,0.8000000000000023,1.014998503355255,7873,84,62
proximity_archived_temperature_plus20,Support,0.9,0.9000000000000073,1.0316119343637145,7873,84,62
proximity_archived_temperature_plus20,Support,1.0,1.0,1.038542517812363,7873,84,62
proximity_archived_temperature_plus20,Gain,0.0,0.0,0.8534118099315726,7873,84,62
proximity_archived_temperature_plus20,Gain,0.1,0.1,0.8599673466153148,7873,84,62
proximity_archived_temperature_plus20,Gain,0.2,0.20000000000000073,0.8684812764897986,7873,84,62
proximity_archived_temperature_plus20,Gain,0.30000000000000004,0.3000000000000011,0.9067611322331244,7873,84,62
proximity_archived_temperature_plus20,Gain,0.4,0.40000000000000113,0.9397119227454308,7873,84,62
proximity_archived_temperature_plus20,Gain,0.5,0.49999999999999917,0.9601185358556888,7873,84,62
proximity_archived_temperature_plus20,Gain,0.6000000000000001,0.5999999999999946,0.9752008860676404,7873,84,62
proximity_archived_temperature_plus20,Gain,0.7000000000000001,0.6999999999999912,0.9949751270292654,7873,84,62
proximity_archived_temperature_plus20,Gain,0.8,0.7999999999999874,1.0003273525033167,7873,84,62
proximity_archived_temperature_plus20,Gain,0.9,0.8999999999999959,1.0364799543396128,7873,84,62
proximity_archived_temperature_plus20,Gain,1.0,0.999999999999989,1.0385425178123593,7873,84,62
proximity_archived_vpd_x10,Spread,0.0,0.0,0.8534118099315726,7873,84,62
proximity_archived_vpd_x10,Spread,0.1,0.09999999999999967,0.8541127802262903,7873,84,62
proximity_archived_vpd_x10,Spread,0.2,0.20000000000000032,0.8539587273519137,7873,84,62
proximity_archived_vpd_x10,Spread,0.30000000000000004,0.300000000000001,0.8482399082309369,7873,84,62
proximity_archived_vpd_x10,Spread,0.4,0.40000000000000113,0.8482129240523374,7873,84,62
proximity_archived_vpd_x10,Spread,0.5,0.500000000000002,0.8486699567238736,7873,84,62
proximity_archived_vpd_x10,Spread,0.6000000000000001,0.6000000000000028,0.8490153749953825,7873,84,62
proximity_archived_vpd_x10,Spread,0.7000000000000001,0.7000000000000013,0.8448603375381964,7873,84,62
proximity_archived_vpd_x10,Spread,0.8,0.8000000000000046,0.8535294349930028,7873,84,62
proximity_archived_vpd_x10,Spread,0.9,0.900000000000007,0.8521204440302793,7873,84,62
proximity_archived_vpd_x10,Spread,1.0,1.0,0.9481330449272963,7873,84,62
proximity_archived_vpd_x10,Support,0.0,0.0,0.8534118099315726,7873,84,62
proximity_archived_vpd_x10,Support,0.1,0.0999999999999994,0.8519585349818213,7873,84,62
proximity_archived_vpd_x10,Support,0.2,0.20000000000000023,0.8456654894673831,7873,84,62
proximity_archived_vpd_x10,Support,0.30000000000000004,0.30000000000000016,0.8414840408181296,7873,84,62
proximity_archived_vpd_x10,Support,0.4,0.3999999999999999,0.8265665914055494,7873,84,62
proximity_archived_vpd_x10,Support,0.5,0.49999999999999933,0.8300207115199876,7873,84,62
proximity_archived_vpd_x10,Support,0.6000000000000001,0.5999999999999982,0.8319382320234197,7873,84,62
proximity_archived_vpd_x10,Support,0.7000000000000001,0.6999999999999967,0.8187423453118712,7873,84,62
proximity_archived_vpd_x10,Support,0.8,0.7999999999999968,0.8243833321119464,7873,84,62
proximity_archived_vpd_x10,Support,0.9,0.9000000000000102,0.8395860141910185,7873,84,62
proximity_archived_vpd_x10,Support,1.0,1.0,0.9481330449272963,7873,84,62
proximity_archived_vpd_x10,Gain,0.0,0.0,0.8534118099315726,7873,84,62
proximity_archived_vpd_x10,Gain,0.1,0.10000000000000009,0.866762670727493,7873,84,62
proximity_archived_vpd_x10,Gain,0.2,0.20000000000000093,0.9365598112434684,7873,84,62
proximity_archived_vpd_x10,Gain,0.30000000000000004,0.3000000000000016,0.939227108654338,7873,84,62
proximity_archived_vpd_x10,Gain,0.4,0.4000000000000018,0.9436001014558455,7873,84,62
proximity_archived_vpd_x10,Gain,0.5,0.5000000000000042,0.9418927904188807,7873,84,62
proximity_archived_vpd_x10,Gain,0.6000000000000001,0.6000000000000059,0.9384755395195715,7873,84,62
proximity_archived_vpd_x10,Gain,0.7000000000000001,0.7000000000000073,0.9333685498649371,7873,84,62
proximity_archived_vpd_x10,Gain,0.8,0.8000000000000382,0.9221444552877351,7873,84,62
proximity_archived_vpd_x10,Gain,0.9,0.9000000000000367,0.9300603949838658,7873,84,62
proximity_archived_vpd_x10,Gain,1.0,1.0,0.9481330449272963,7873,84,62
proximity_archived_wind_x10,Spread,0.0,0.0,0.8534118099315726,7873,84,62
proximity_archived_wind_x10,Spread,0.1,0.10000000000000006,0.8900530340297037,7873,84,62
proximity_archived_wind_x10,Spread,0.2,0.20000000000000065,0.9254331369185957,7873,84,62
proximity_archived_wind_x10,Spread,0.30000000000000004,0.30000000000000154,0.9648746379859544,7873,84,62
proximity_archived_wind_x10,Spread,0.4,0.4000000000000029,1.0004643674783853,7873,84,62
proximity_archived_wind_x10,Spread,0.5,0.5000000000000027,1.0338380284581943,7873,84,62
proximity_archived_wind_x10,Spread,0.6000000000000001,0.600000000000002,1.0742693224931241,7873,84,62
proximity_archived_wind_x10,Spread,0.7000000000000001,0.700000000000001,1.1066385941556445,7873,84,62
proximity_archived_wind_x10,Spread,0.8,0.8000000000000026,1.158730031540452,7873,84,62
proximity_archived_wind_x10,Spread,0.9,0.9000000000000135,1.2348368527666809,7873,84,62
proximity_archived_wind_x10,Spread,1.0,1.0,1.364703767332253,7873,84,62
proximity_archived_wind_x10,Support,0.0,0.0,0.8534118099315726,7873,84,62
proximity_archived_wind_x10,Support,0.1,0.10000000000000006,0.8960257502204754,7873,84,62
proximity_archived_wind_x10,Support,0.2,0.19999999999999996,0.9503966030640564,7873,84,62
proximity_archived_wind_x10,Support,0.30000000000000004,0.30000000000000143,0.9788123518474213,7873,84,62
proximity_archived_wind_x10,Support,0.4,0.40000000000000185,1.016595176322354,7873,84,62
proximity_archived_wind_x10,Support,0.5,0.5000000000000044,1.051319297927337,7873,84,62
proximity_archived_wind_x10,Support,0.6000000000000001,0.6000000000000036,1.0806916288968755,7873,84,62
proximity_archived_wind_x10,Support,0.7000000000000001,0.7000000000000002,1.1254326526670904,7873,84,62
proximity_archived_wind_x10,Support,0.8,0.7999999999999958,1.1888475037222093,7873,84,62
proximity_archived_wind_x10,Support,0.9,0.8999999999999935,1.23701462933565,7873,84,62
proximity_archived_wind_x10,Support,1.0,0.9999999999999929,1.3647037673321958,7873,84,62
proximity_archived_wind_x10,Gain,0.0,0.0,0.8534118099315726,7873,84,62
proximity_archived_wind_x10,Gain,0.1,0.10000000000000013,0.9334269627827587,7873,84,62
proximity_archived_wind_x10,Gain,0.2,0.20000000000000165,0.9663626197481057,7873,84,62
proximity_archived_wind_x10,Gain,0.30000000000000004,0.3000000000000013,1.0135358454876389,7873,84,62
proximity_archived_wind_x10,Gain,0.4,0.39999999999999925,1.0812927879233192,7873,84,62
proximity_archived_wind_x10,Gain,0.5,0.49999999999999883,1.1121964131047282,7873,84,62
proximity_archived_wind_x10,Gain,0.6000000000000001,0.5999999999999962,1.1558731075076611,7873,84,62
proximity_archived_wind_x10,Gain,0.7000000000000001,0.7000000000000058,1.1765542335320618,7873,84,62
proximity_archived_wind_x10,Gain,0.8,0.8000000000000095,1.244796046905908,7873,84,62
proximity_archived_wind_x10,Gain,0.9,0.8999999999999967,1.2875363956252368,7873,84,62
proximity_archived_wind_x10,Gain,1.0,0.9999999999999962,1.3647037673322615,7873,84,62
proximity_noVPD_natural,Spread,0.0,0.0,0.8564533689107808,7923,85,63
proximity_noVPD_natural,Spread,0.1,0.09999999999999977,0.8523869607264624,7923,85,63
proximity_noVPD_natural,Spread,0.2,0.19999999999999968,0.8553351308698603,7923,85,63
proximity_noVPD_natural,Spread,0.30000000000000004,0.29999999999999993,0.8567013301851248,7923,85,63
proximity_noVPD_natural,Spread,0.4,0.4000000000000006,0.8579234277034897,7923,85,63
proximity_noVPD_natural,Spread,0.5,0.5000000000000007,0.85768846472138,7923,85,63
proximity_noVPD_natural,Spread,0.6000000000000001,0.6000000000000016,0.8588333242915246,7923,85,63
proximity_noVPD_natural,Spread,0.7000000000000001,0.7000000000000018,0.8535478657365112,7923,85,63
proximity_noVPD_natural,Spread,0.8,0.8000000000000048,0.8467241911904644,7923,85,63
proximity_noVPD_natural,Spread,0.9,0.9000000000000083,0.8432905423372006,7923,85,63
proximity_noVPD_natural,Spread,1.0,1.0,0.8352425383541432,7923,85,63
proximity_noVPD_natural,Support,0.0,0.0,0.8564533689107808,7923,85,63
proximity_noVPD_natural,Support,0.1,0.09999999999999992,0.8618168605279859,7923,85,63
proximity_noVPD_natural,Support,0.2,0.19999999999999954,0.864740710865234,7923,85,63
proximity_noVPD_natural,Support,0.30000000000000004,0.29999999999999993,0.8681992624564759,7923,85,63
proximity_noVPD_natural,Support,0.4,0.4000000000000012,0.8715715401818355,7923,85,63
proximity_noVPD_natural,Support,0.5,0.500000000000002,0.8730310466860685,7923,85,63
proximity_noVPD_natural,Support,0.6000000000000001,0.600000000000003,0.8571886755473138,7923,85,63
proximity_noVPD_natural,Support,0.7000000000000001,0.7000000000000028,0.8515790030650311,7923,85,63
proximity_noVPD_natural,Support,0.8,0.8000000000000081,0.8473763653512136,7923,85,63
proximity_noVPD_natural,Support,0.9,0.9000000000000139,0.8392590560890502,7923,85,63
proximity_noVPD_natural,Support,1.0,1.0,0.8352425383541432,7923,85,63
proximity_noVPD_natural,Gain,0.0,0.0,0.8564533689107808,7923,85,63
proximity_noVPD_natural,Gain,0.1,0.10000000000000019,0.8374754866085274,7923,85,63
proximity_noVPD_natural,Gain,0.2,0.19999999999999934,0.8361801148383995,7923,85,63
proximity_noVPD_natural,Gain,0.30000000000000004,0.29999999999999943,0.8317945422448169,7923,85,63
proximity_noVPD_natural,Gain,0.4,0.4000000000000005,0.835327206003708,7923,85,63
proximity_noVPD_natural,Gain,0.5,0.5,0.8405119152446593,7923,85,63
proximity_noVPD_natural,Gain,0.6000000000000001,0.5999999999999981,0.844088037197664,7923,85,63
proximity_noVPD_natural,Gain,0.7000000000000001,0.6999999999999991,0.8433110275918978,7923,85,63
proximity_noVPD_natural,Gain,0.8,0.8000000000000014,0.8415284052023378,7923,85,63
proximity_noVPD_natural,Gain,0.9,0.900000000000003,0.8398075230819252,7923,85,63
proximity_noVPD_natural,Gain,1.0,1.0,0.8352425383541432,7923,85,63
proximity_noVPD_probe_clean,Spread,0.0,0.0,0.8534118099315726,7873,84,62
proximity_noVPD_probe_clean,Spread,0.1,0.09999999999999981,0.849087424502158,7873,84,62
proximity_noVPD_probe_clean,Spread,0.2,0.20000000000000004,0.8523887669329773,7873,84,62
proximity_noVPD_probe_clean,Spread,0.30000000000000004,0.2999999999999999,0.8541540929704422,7873,84,62
proximity_noVPD_probe_clean,Spread,0.4,0.3999999999999999,0.8542884915779434,7873,84,62
proximity_noVPD_probe_clean,Spread,0.5,0.4999999999999985,0.8543406984209893,7873,84,62
proximity_noVPD_probe_clean,Spread,0.6000000000000001,0.599999999999997,0.854766937108643,7873,84,62
proximity_noVPD_probe_clean,Spread,0.7000000000000001,0.6999999999999945,0.8494988610319308,7873,84,62
proximity_noVPD_probe_clean,Spread,0.8,0.7999999999999949,0.8406288616529177,7873,84,62
proximity_noVPD_probe_clean,Spread,0.9,0.8999999999999969,0.8371219754791392,7873,84,62
proximity_noVPD_probe_clean,Spread,1.0,1.0,0.8284965123880292,7873,84,62
proximity_noVPD_probe_clean,Support,0.0,0.0,0.8534118099315726,7873,84,62
proximity_noVPD_probe_clean,Support,0.1,0.09999999999999994,0.8573847620169782,7873,84,62
proximity_noVPD_probe_clean,Support,0.2,0.20000000000000023,0.86054100197622,7873,84,62
proximity_noVPD_probe_clean,Support,0.30000000000000004,0.3000000000000008,0.8622928324804248,7873,84,62
proximity_noVPD_probe_clean,Support,0.4,0.40000000000000085,0.8657466311336693,7873,84,62
proximity_noVPD_probe_clean,Support,0.5,0.49999999999999983,0.8665170791421033,7873,84,62
proximity_noVPD_probe_clean,Support,0.6000000000000001,0.5999999999999984,0.8507922543923365,7873,84,62
proximity_noVPD_probe_clean,Support,0.7000000000000001,0.6999999999999963,0.8437082959116157,7873,84,62
proximity_noVPD_probe_clean,Support,0.8,0.7999999999999995,0.8400088183739256,7873,84,62
proximity_noVPD_probe_clean,Support,0.9,0.9000000000000073,0.8321704228589768,7873,84,62
proximity_noVPD_probe_clean,Support,1.0,1.0,0.8284965123880292,7873,84,62
proximity_noVPD_probe_clean,Gain,0.0,0.0,0.8534118099315726,7873,84,62
proximity_noVPD_probe_clean,Gain,0.1,0.10000000000000017,0.8318820969160764,7873,84,62
proximity_noVPD_probe_clean,Gain,0.2,0.20000000000000023,0.830845600212478,7873,84,62
proximity_noVPD_probe_clean,Gain,0.30000000000000004,0.30000000000000027,0.8266988515904372,7873,84,62
proximity_noVPD_probe_clean,Gain,0.4,0.40000000000000063,0.8302358006999406,7873,84,62
proximity_noVPD_probe_clean,Gain,0.5,0.4999999999999994,0.8354177466042624,7873,84,62
proximity_noVPD_probe_clean,Gain,0.6000000000000001,0.5999999999999973,0.8387694350700086,7873,84,62
proximity_noVPD_probe_clean,Gain,0.7000000000000001,0.699999999999997,0.8379659498956935,7873,84,62
proximity_noVPD_probe_clean,Gain,0.8,0.7999999999999948,0.8359462484446445,7873,84,62
proximity_noVPD_probe_clean,Gain,0.9,0.8999999999999977,0.8342204537483101,7873,84,62
proximity_noVPD_probe_clean,Gain,1.0,1.0,0.8284965123880292,7873,84,62
proximity_noVPD_temperature_plus20,Spread,0.0,0.0,0.8534118099315726,7873,84,62
proximity_noVPD_temperature_plus20,Spread,0.1,0.09999999999999996,0.8852911341847646,7873,84,62
proximity_noVPD_temperature_plus20,Spread,0.2,0.20000000000000026,0.9102834951936343,7873,84,62
proximity_noVPD_temperature_plus20,Spread,0.30000000000000004,0.30000000000000093,0.9347913677096317,7873,84,62
proximity_noVPD_temperature_plus20,Spread,0.4,0.4000000000000017,0.9592969722150426,7873,84,62
proximity_noVPD_temperature_plus20,Spread,0.5,0.49999999999999906,0.978313513764849,7873,84,62
proximity_noVPD_temperature_plus20,Spread,0.6000000000000001,0.5999999999999969,0.9917146896610538,7873,84,62
proximity_noVPD_temperature_plus20,Spread,0.7000000000000001,0.699999999999997,1.0146828547700484,7873,84,62
proximity_noVPD_temperature_plus20,Spread,0.8,0.799999999999998,1.016989214940229,7873,84,62
proximity_noVPD_temperature_plus20,Spread,0.9,0.9000000000000012,1.0301199669877912,7873,84,62
proximity_noVPD_temperature_plus20,Spread,1.0,1.0,1.0334481304570229,7873,84,62
proximity_noVPD_temperature_plus20,Support,0.0,0.0,0.8534118099315726,7873,84,62
proximity_noVPD_temperature_plus20,Support,0.1,0.10000000000000005,0.8881152737429542,7873,84,62
proximity_noVPD_temperature_plus20,Support,0.2,0.20000000000000082,0.9180820480593157,7873,84,62
proximity_noVPD_temperature_plus20,Support,0.30000000000000004,0.30000000000000115,0.9421949077698993,7873,84,62
proximity_noVPD_temperature_plus20,Support,0.4,0.4000000000000013,0.9632972606911979,7873,84,62
proximity_noVPD_temperature_plus20,Support,0.5,0.500000000000002,0.9681655412213092,7873,84,62
proximity_noVPD_temperature_plus20,Support,0.6000000000000001,0.600000000000002,0.9795312559552686,7873,84,62
proximity_noVPD_temperature_plus20,Support,0.7000000000000001,0.7000000000000031,0.9945034641316719,7873,84,62
proximity_noVPD_temperature_plus20,Support,0.8,0.8000000000000043,1.0100696816884505,7873,84,62
proximity_noVPD_temperature_plus20,Support,0.9,0.900000000000008,1.023513603218797,7873,84,62
proximity_noVPD_temperature_plus20,Support,1.0,1.0,1.0334481304570229,7873,84,62
proximity_noVPD_temperature_plus20,Gain,0.0,0.0,0.8534118099315726,7873,84,62
proximity_noVPD_temperature_plus20,Gain,0.1,0.10000000000000006,0.9067861608379066,7873,84,62
proximity_noVPD_temperature_plus20,Gain,0.2,0.2000000000000004,0.9248727614181301,7873,84,62
proximity_noVPD_temperature_plus20,Gain,0.30000000000000004,0.3000000000000009,0.9480813058003541,7873,84,62
proximity_noVPD_temperature_plus20,Gain,0.4,0.40000000000000085,0.9554994330323124,7873,84,62
proximity_noVPD_temperature_plus20,Gain,0.5,0.5000000000000023,0.9712589289773432,7873,84,62
proximity_noVPD_temperature_plus20,Gain,0.6000000000000001,0.5999999999999975,0.9838424668815122,7873,84,62
proximity_noVPD_temperature_plus20,Gain,0.7000000000000001,0.6999999999999955,0.9964394159340303,7873,84,62
proximity_noVPD_temperature_plus20,Gain,0.8,0.8000000000000026,1.0040875391840642,7873,84,62
proximity_noVPD_temperature_plus20,Gain,0.9,0.9000000000000125,1.0108702944236376,7873,84,62
proximity_noVPD_temperature_plus20,Gain,1.0,1.0,1.0334481304570229,7873,84,62
proximity_noVPD_vpd_x10,Spread,0.0,0.0,0.8534118099315726,7873,84,62
proximity_noVPD_vpd_x10,Spread,0.1,0.09999999999999981,0.849087424502158,7873,84,62
proximity_noVPD_vpd_x10,Spread,0.2,0.20000000000000004,0.8523887669329773,7873,84,62
proximity_noVPD_vpd_x10,Spread,0.30000000000000004,0.2999999999999999,0.8541540929704422,7873,84,62
proximity_noVPD_vpd_x10,Spread,0.4,0.3999999999999999,0.8542884915779434,7873,84,62
proximity_noVPD_vpd_x10,Spread,0.5,0.4999999999999985,0.8543406984209893,7873,84,62
proximity_noVPD_vpd_x10,Spread,0.6000000000000001,0.599999999999997,0.854766937108643,7873,84,62
proximity_noVPD_vpd_x10,Spread,0.7000000000000001,0.6999999999999945,0.8494988610319308,7873,84,62
proximity_noVPD_vpd_x10,Spread,0.8,0.7999999999999949,0.8406288616529177,7873,84,62
proximity_noVPD_vpd_x10,Spread,0.9,0.8999999999999969,0.8371219754791392,7873,84,62
proximity_noVPD_vpd_x10,Spread,1.0,1.0,0.8284965123880292,7873,84,62
proximity_noVPD_vpd_x10,Support,0.0,0.0,0.8534118099315726,7873,84,62
proximity_noVPD_vpd_x10,Support,0.1,0.09999999999999994,0.8573847620169782,7873,84,62
proximity_noVPD_vpd_x10,Support,0.2,0.20000000000000023,0.86054100197622,7873,84,62
proximity_noVPD_vpd_x10,Support,0.30000000000000004,0.3000000000000008,0.8622928324804248,7873,84,62
proximity_noVPD_vpd_x10,Support,0.4,0.40000000000000085,0.8657466311336693,7873,84,62
proximity_noVPD_vpd_x10,Support,0.5,0.49999999999999983,0.8665170791421033,7873,84,62
proximity_noVPD_vpd_x10,Support,0.6000000000000001,0.5999999999999984,0.8507922543923365,7873,84,62
proximity_noVPD_vpd_x10,Support,0.7000000000000001,0.6999999999999963,0.8437082959116157,7873,84,62
proximity_noVPD_vpd_x10,Support,0.8,0.7999999999999995,0.8400088183739256,7873,84,62
proximity_noVPD_vpd_x10,Support,0.9,0.9000000000000073,0.8321704228589768,7873,84,62
proximity_noVPD_vpd_x10,Support,1.0,1.0,0.8284965123880292,7873,84,62
proximity_noVPD_vpd_x10,Gain,0.0,0.0,0.8534118099315726,7873,84,62
proximity_noVPD_vpd_x10,Gain,0.1,0.10000000000000017,0.8318820969160764,7873,84,62
proximity_noVPD_vpd_x10,Gain,0.2,0.20000000000000023,0.830845600212478,7873,84,62
proximity_noVPD_vpd_x10,Gain,0.30000000000000004,0.30000000000000027,0.8266988515904372,7873,84,62
proximity_noVPD_vpd_x10,Gain,0.4,0.40000000000000063,0.8302358006999406,7873,84,62
proximity_noVPD_vpd_x10,Gain,0.5,0.4999999999999994,0.8354177466042624,7873,84,62
proximity_noVPD_vpd_x10,Gain,0.6000000000000001,0.5999999999999973,0.8387694350700086,7873,84,62
proximity_noVPD_vpd_x10,Gain,0.7000000000000001,0.699999999999997,0.8379659498956935,7873,84,62
proximity_noVPD_vpd_x10,Gain,0.8,0.7999999999999948,0.8359462484446445,7873,84,62
proximity_noVPD_vpd_x10,Gain,0.9,0.8999999999999977,0.8342204537483101,7873,84,62
proximity_noVPD_vpd_x10,Gain,1.0,1.0,0.8284965123880292,7873,84,62
proximity_noVPD_wind_x10,Spread,0.0,0.0,0.8534118099315726,7873,84,62
proximity_noVPD_wind_x10,Spread,0.1,0.09999999999999977,0.8826135132028957,7873,84,62
proximity_noVPD_wind_x10,Spread,0.2,0.2000000000000004,0.9140848099505444,7873,84,62
proximity_noVPD_wind_x10,Spread,0.30000000000000004,0.30000000000000093,0.9587434705311169,7873,84,62
proximity_noVPD_wind_x10,Spread,0.4,0.40000000000000147,0.9943185314920129,7873,84,62
proximity_noVPD_wind_x10,Spread,0.5,0.5000000000000001,1.0228238381498227,7873,84,62
proximity_noVPD_wind_x10,Spread,0.6000000000000001,0.5999999999999999,1.0585569912264308,7873,84,62
proximity_noVPD_wind_x10,Spread,0.7000000000000001,0.699999999999998,1.1012788078477433,7873,84,62
proximity_noVPD_wind_x10,Spread,0.8,0.7999999999999956,1.1636366527273811,7873,84,62
proximity_noVPD_wind_x10,Spread,0.9,0.899999999999996,1.2678553880957022,7873,84,62
proximity_noVPD_wind_x10,Spread,1.0,1.0,1.414768087716025,7873,84,62
proximity_noVPD_wind_x10,Support,0.0,0.0,0.8534118099315726,7873,84,62
proximity_noVPD_wind_x10,Support,0.1,0.10000000000000005,0.882687359511866,7873,84,62
proximity_noVPD_wind_x10,Support,0.2,0.2000000000000001,0.9264009939510649,7873,84,62
proximity_noVPD_wind_x10,Support,0.30000000000000004,0.30000000000000154,0.949592777573954,7873,84,62
proximity_noVPD_wind_x10,Support,0.4,0.4000000000000023,0.9732513019743301,7873,84,62
proximity_noVPD_wind_x10,Support,0.5,0.5000000000000051,1.0001155002524806,7873,84,62
proximity_noVPD_wind_x10,Support,0.6000000000000001,0.6000000000000041,1.0311793982163362,7873,84,62
proximity_noVPD_wind_x10,Support,0.7000000000000001,0.7000000000000008,1.0737030909230256,7873,84,62
proximity_noVPD_wind_x10,Support,0.8,0.7999999999999968,1.1567062778199448,7873,84,62
proximity_noVPD_wind_x10,Support,0.9,0.8999999999999938,1.2361385367032645,7873,84,62
proximity_noVPD_wind_x10,Support,1.0,0.9999999999999936,1.4147680877159237,7873,84,62
proximity_noVPD_wind_x10,Gain,0.0,0.0,0.8534118099315726,7873,84,62
proximity_noVPD_wind_x10,Gain,0.1,0.09999999999999994,1.0440910890598272,7873,84,62
proximity_noVPD_wind_x10,Gain,0.2,0.20000000000000043,1.1199273051085168,7873,84,62
proximity_noVPD_wind_x10,Gain,0.30000000000000004,0.3000000000000002,1.190473748817187,7873,84,62
proximity_noVPD_wind_x10,Gain,0.4,0.4000000000000001,1.204497243407511,7873,84,62
proximity_noVPD_wind_x10,Gain,0.5,0.5000000000000028,1.2430511750455513,7873,84,62
proximity_noVPD_wind_x10,Gain,0.6000000000000001,0.6000000000000045,1.271115601993799,7873,84,62
proximity_noVPD_wind_x10,Gain,0.7000000000000001,0.7000000000000061,1.2972185156015332,7873,84,62
proximity_noVPD_wind_x10,Gain,0.8,0.800000000000014,1.3128995611940077,7873,84,62
proximity_noVPD_wind_x10,Gain,0.9,0.9000000000000135,1.3486470785583573,7873,84,62
proximity_noVPD_wind_x10,Gain,1.0,1.0,1.414768087716025,7873,84,62
